"Level","Unit","Lesson ID","Lesson","Run","Run outcome (Urdu)","Prerequisite knowledge","New vocabulary and phrases with phase status","Explicit grammar/pattern with phase status","Use situation prompts","Understand items","Guided Practice items","Use items","Independent Check items"
"A0","بات شروع کریں","a0-greetings-courtesy","Hallo en dank u","1","سلام، صبح بخیر، دوپہر بخیر، شام بخیر سن کر سمجھنا اور مناسب روزمرہ موقع میں درست ڈچ بات استعمال کرنا۔","","hallo — سلام [T✓ R✓ G✓ U✓ I✓] | goedemorgen — صبح بخیر [T✓ R✓ G✓ U✓ I✓] | goedemiddag — دوپہر بخیر [T✓ R✓ G✓ U✓ I✓] | goedenavond — شام بخیر [T✓ R✓ G✓ U✓ I✓]","No explicit pattern card in this run","حال: آپ پہلی بار نئے پڑوسی سے ملے ہیں۔ گفتگو کس سلام سے شروع کریں؟ | حال: شام کو عمارت کے نگہبان سے ملاقات ہوئی ہے۔ کون سا سلام مناسب ہے؟ | حال: آپ کسی شخص سے ملتے یا رخصت ہوتے ہیں؛ “صبح بخیر” کے مطابق بات کرنی ہے۔ | حال: آپ کسی شخص سے ملتے یا رخصت ہوتے ہیں؛ “دوپہر بخیر” کے مطابق بات کرنی ہے۔","5","5","4","5"
"A0","بات شروع کریں","a0-greetings-courtesy","Hallo en dank u","2","سلام / خدا حافظ، پھر ملیں گے، آپ کا شکریہ، برائے مہربانی / لیجیے سن کر سمجھنا اور مناسب روزمرہ موقع میں درست ڈچ بات استعمال کرنا۔","hallo; goedemorgen; goedemiddag; goedenavond","dag — سلام / خدا حافظ [T✓ R✓ G✓ U✓ I✓] | tot ziens — پھر ملیں گے [T✓ R✓ G✓ U✓ I✓] | dank u wel — آپ کا شکریہ [T✓ R✓ G✓ U✓ I✓] | alstublieft — برائے مہربانی / لیجیے [T✓ R✓ G✓ U✓ I✓]","No explicit pattern card in this run","حال: جان پہچان والے دکاندار کو مختصر سلام کہنا ہے۔ کیا کہیں؟ | حال: آپ کاؤنٹر پر کسی کو اپنا کاغذ دے رہے ہیں۔ کاغذ دیتے وقت کیا کہیں؟ | حال: آپ کسی شخص سے ملتے یا رخصت ہوتے ہیں؛ “پھر ملیں گے” کے مطابق بات کرنی ہے۔ | حال: آپ کسی شخص سے ملتے یا رخصت ہوتے ہیں؛ “آپ کا شکریہ” کے مطابق بات کرنی ہے۔","5","5","4","5"
"A0","بات شروع کریں","a0-greetings-courtesy","Hallo en dank u","3","معاف کیجیے، خوشی سے / پسند سے، آپ کیسے ہیں، اچھا ہوں، شکریہ سن کر سمجھنا اور مناسب روزمرہ موقع میں درست ڈچ بات استعمال کرنا۔","hallo; goedemorgen; goedemiddag; goedenavond; dag; tot ziens; dank u wel; alstublieft","sorry — معاف کیجیے [T✓ R✓ G✓ U✓ I✓] | graag — خوشی سے / پسند سے [T✓ R✓ G✓ U✓ I✓] | hoe gaat het — آپ کیسے ہیں؟ [T✓ R✓ G✓ U✓ I✓] | goed, dank u — اچھا ہوں، شکریہ [T✓ R✓ G✓ U✓ I✓]","No explicit pattern card in this run","حال: راستے میں آپ سے کسی کو ہلکی ٹکر لگ گئی۔ فوراً کیا کہیں؟ | حال: سامنے والا پوچھتا ہے: Hoe gaat het? اپنی خیریت کا مختصر مؤدبانہ جواب دیں۔ | حال: آپ کسی شخص سے ملتے یا رخصت ہوتے ہیں؛ “خوشی سے / پسند سے” کے مطابق بات کرنی ہے۔ | حال: آپ کسی شخص سے ملتے یا رخصت ہوتے ہیں؛ “آپ کیسے ہیں” کے مطابق بات کرنی ہے۔","5","6","4","5"
"A0","بات شروع کریں","a0-understanding-help","Ik begrijp het niet","1","مجھے سمجھ نہیں آیا، کیا آپ دہرا سکتے ہیں، آہستہ بولیں، برائے مہربانی سن کر سمجھنا اور مناسب روزمرہ موقع میں درست ڈچ بات استعمال کرنا۔","alstublieft; sorry; graag; hoe gaat het; goed, dank u","ik begrijp het niet — مجھے سمجھ نہیں آیا [T✓ R✓ G✓ U✓ I✓] | kunt u herhalen — کیا آپ دہرا سکتے ہیں؟ [T✓ R✓ G✓ U✓ I✓] | langzamer alstublieft — آہستہ بولیں، برائے مہربانی [T✓ R✓ G✓ U✓ I✓]","ادب سے Kunt u …? کہنا: Kunt u herhalen? [T✓ R✓ G✓ U✓ I✓]","حال: ڈاکٹر کی آخری بات آپ کو سمجھ نہیں آئی۔ اپنی مشکل صاف کیسے بتائیں؟ | حال: کاؤنٹر پر ملازم بہت تیز بول رہا ہے۔ رفتار کم کرنے کے لیے کیا کہیں؟ | حال: گفتگو میں مدد یا وضاحت کی ضرورت ہے؛ “کیا آپ دہرا سکتے ہیں” والی بات کہنا یا جواب دینا ہے۔","5","6","3","5"
"A0","بات شروع کریں","a0-understanding-help","Ik begrijp het niet","2","ایک بار پھر، کیا آپ میری مدد کر سکتے ہیں، اس کا کیا مطلب ہے سن کر سمجھنا اور مناسب روزمرہ موقع میں درست ڈچ بات استعمال کرنا۔","alstublieft; sorry; graag; hoe gaat het; goed, dank u; ik begrijp het niet; kunt u herhalen; langzamer alstublieft","nog een keer — ایک بار پھر [T✓ R✓ G✓ U✓ I✓] | kunt u mij helpen — کیا آپ میری مدد کر سکتے ہیں؟ [T✓ R✓ G✓ U✓ I✓] | wat betekent dit — اس کا کیا مطلب ہے؟ [T✓ R✓ G✓ U✓ I✓]","No explicit pattern card in this run","حال: مختصر اعلان کا آخری حصہ سنائی نہیں دیا۔ ایک بار پھر سننے کے لیے کیا کہیں؟ | حال: فارم پر ایک لفظ سمجھ نہیں آ رہا۔ اس کا معنی پوچھنے کے لیے کیا کہیں؟ | حال: گفتگو میں مدد یا وضاحت کی ضرورت ہے؛ “کیا آپ میری مدد کر سکتے ہیں” والی بات کہنا یا جواب دینا ہے۔","4","5","3","5"
"A0","بات شروع کریں","a0-understanding-help","Ik begrijp het niet","3","میں تھوڑی Nederlands بولتا/بولتی ہوں، مجھے معلوم نہیں، سنیں، برائے مہربانی سن کر سمجھنا اور مناسب روزمرہ موقع میں درست ڈچ بات استعمال کرنا۔","alstublieft; sorry; graag; hoe gaat het; goed, dank u; ik begrijp het niet; kunt u herhalen; langzamer alstublieft; nog een keer; kunt u mij helpen; wat betekent dit","ik spreek een beetje Nederlands — میں تھوڑی Nederlands بولتا/بولتی ہوں [T✓ R✓ G✓ U✓ I✓] | ik weet het niet — مجھے معلوم نہیں [T✓ R✓ G✓ U✓ I✓] | luister alstublieft — سنیں، برائے مہربانی [T✓ R✓ G✓ U✓ I✓]","No explicit pattern card in this run","حال: گفتگو شروع ہوتے ہی بتانا ہے کہ آپ صرف تھوڑی ڈچ بولتے ہیں۔ کیا کہیں؟ | حال: آپ کسی کی توجہ ایک اہم آواز کی طرف دلانا چاہتے ہیں۔ کیا کہیں؟ | حال: گفتگو میں مدد یا وضاحت کی ضرورت ہے؛ “مجھے معلوم نہیں” والی بات کہنا یا جواب دینا ہے۔","4","5","3","5"
"A0","بات شروع کریں","a0-understanding-help","Ik begrijp het niet","4","اسے ایک بار پھر کہیں، کیا آپ مجھے سمجھتے ہیں، ہاں، میں سمجھ گیا/گئی سن کر سمجھنا اور مناسب روزمرہ موقع میں درست ڈچ بات استعمال کرنا۔","alstublieft; sorry; graag; hoe gaat het; goed, dank u; ik begrijp het niet; kunt u herhalen; langzamer alstublieft; nog een keer; kunt u mij helpen; wat betekent dit; ik spreek een beetje Nederlands; ik weet het niet; luister alstublieft","zeg het nog een keer — اسے ایک بار پھر کہیں [T✓ R✓ G✓ U✓ I✓] | begrijpt u mij? — کیا آپ مجھے سمجھتے ہیں؟ [T✓ R✓ G✓ U✓ I✓] | ja, ik begrijp het — ہاں، میں سمجھ گیا/گئی [T✓ R✓ G✓ U✓ I✓]","No explicit pattern card in this run","حال: جان پہچان والے شخص سے وہی مختصر بات پھر کہلوانی ہے۔ کیا کہیں؟ | حال: سامنے والا پوچھتا ہے: Begrijpt u mij? بات اب سمجھ آ گئی ہے۔ کیا جواب دیں؟ | حال: گفتگو میں مدد یا وضاحت کی ضرورت ہے؛ “کیا آپ مجھے سمجھتے ہیں” والی بات کہنا یا جواب دینا ہے۔","4","5","3","5"
"A0","بات شروع کریں","a0-ja-nee-goed-niet","ja, nee, goed, niet","1","ہاں، نہیں، ہاں، میں سمجھ گیا/گئی سن کر سمجھنا اور مناسب روزمرہ موقع میں درست ڈچ بات استعمال کرنا۔","luister alstublieft; zeg het nog een keer; begrijpt u mij?; ja, ik begrijp het; ادب سے Kunt u …? کہنا","ja — ہاں [T✓ R✓ G✓ U✓ I✓] | nee — نہیں [T✓ R✓ G✓ U✓ I✓]","No explicit pattern card in this run","حال: دکاندار پوچھتا ہے کہ کیا آپ رسید چاہتے ہیں۔ آپ رضامند ہیں۔ مختصر جواب کیا ہے؟ | حال: دکاندار پوچھتا ہے کہ کیا آپ کو تھیلا چاہیے۔ آپ انکار کرتے ہیں۔ مختصر جواب کیا ہے؟","4","4","2","5"
"A0","بات شروع کریں","a0-ja-nee-goed-niet","ja, nee, goed, niet","2","اچھا، نہیں (جملے کے اندر)، اچھا نہیں سن کر سمجھنا اور مناسب روزمرہ موقع میں درست ڈچ بات استعمال کرنا۔","luister alstublieft; zeg het nog een keer; begrijpt u mij?; ja, ik begrijp het; ادب سے Kunt u …? کہنا; ja; nee","goed — اچھا [T✓ R✓ G✓ U✓ I✓] | niet — نہیں (جملے کے اندر) [T✓ R✓ G✓ U✓ I✓] | niet goed — اچھا نہیں [T✓ R✓ G✓ U✓ I✓]","No explicit pattern card in this run","حال: ڈاکٹر پوچھتا ہے کہ اب حالت کیسی ہے۔ حالت اچھی ہے۔ مختصر جواب دیں۔ | حال: مرمت کے بعد چیز ابھی بھی صحیح کام نہیں کر رہی۔ اس کی حالت مختصر طور پر بتائیں۔ | حال: مرمت ابھی ٹھیک نہیں ہوئی۔ “goed” کو منفی بنانے کے لیے اس سے پہلے کون سا ڈچ لفظ لگائیں؟","4","5","3","5"
"A0","حروف، آواز، اور پہلے لفظ","a0-letters-1","Eerste klanken: a en b","1","حرف a، سیب، دروازہ سن کر سمجھنا اور مناسب روزمرہ موقع میں درست ڈچ بات استعمال کرنا۔","ja; nee; goed; niet; niet goed","a — حرف a [T✓ R✓ G✓ U✓ I✓] | appel — سیب [T✓ R✓ G✓ U✓ I✓] | deur — دروازہ [T✓ R✓ G✓ U✓ I✓]","No explicit pattern card in this run","حال: کمیونٹی مرکز میں نام کے حروف سن کر لفظی کارڈ مکمل کرنا ہے۔ جو آواز سنائی دی، اس کے لیے درست سکھایا ہوا حرف چنیں۔ | حال: گھر کی تصویری فہرست میں ایک چیز نشان زد ہے۔ “دروازہ” کے لیے کون سا ڈچ لفظ درست ہے؟ | حال: ابتدائی پڑھنے کے کارڈ پر ایک صاف تصویر بنی ہے۔ “سیب” کے لیے کون سا ڈچ لفظ درست ہے؟","4","4","3","5"
"A0","حروف، آواز، اور پہلے لفظ","a0-letters-1","Eerste klanken: a en b","2","حرف b، کتاب، سائیکل سن کر سمجھنا اور مناسب روزمرہ موقع میں درست ڈچ بات استعمال کرنا۔","ja; nee; goed; niet; niet goed; a; appel; deur","b — حرف b [T✓ R✓ G✓ U✓ I✓] | boek — کتاب [T✓ R✓ G✓ U✓ I✓] | fiets — سائیکل [T✓ R✓ G✓ U✓ I✓]","No explicit pattern card in this run","حال: کمیونٹی مرکز میں نام کے حروف سن کر لفظی کارڈ مکمل کرنا ہے۔ جو آواز سنائی دی، اس کے لیے درست سکھایا ہوا حرف چنیں۔ | حال: ابتدائی پڑھنے کے کارڈ پر ایک صاف تصویر بنی ہے۔ “سائیکل” کے لیے کون سا ڈچ لفظ درست ہے؟ | حال: ابتدائی پڑھنے کے کارڈ پر ایک صاف تصویر بنی ہے۔ “کتاب” کے لیے کون سا ڈچ لفظ درست ہے؟","6","4","3","5"
"A0","حروف، آواز، اور پہلے لفظ","a0-letters-2","Eerste klanken: h en i","1","حرف h، حرف i، گھر، آئس کریم سن کر سمجھنا اور مناسب روزمرہ موقع میں درست ڈچ بات استعمال کرنا۔","appel; deur; b; boek; fiets","h — حرف h [T✓ R✓ G✓ U✓ I✓] | i — حرف i [T✓ R✓ G✓ U✓ I✓] | huis — گھر [T✓ R✓ G✓ U✓ I✓] | ijs — آئس کریم [T✓ R✓ G✓ U✓ I✓]","No explicit pattern card in this run","حال: کمیونٹی مرکز میں نام کے حروف سن کر لفظی کارڈ مکمل کرنا ہے۔ جو آواز سنائی دی، اس کے لیے درست سکھایا ہوا حرف چنیں۔ | حال: ابتدائی پڑھنے کے کارڈ پر ایک صاف تصویر بنی ہے۔ “آئس کریم” کے لیے کون سا ڈچ لفظ درست ہے؟ | حال: کمیونٹی مرکز میں نام کے حروف سن کر لفظی کارڈ مکمل کرنا ہے۔ جو آواز سنائی دی، اس کے لیے درست سکھایا ہوا حرف چنیں۔ | حال: گھر کی تصویری فہرست میں ایک چیز نشان زد ہے۔ “گھر” کے لیے کون سا ڈچ لفظ درست ہے؟","6","5","4","5"
"A0","حروف، آواز، اور پہلے لفظ","a0-letters-2","Eerste klanken: h en i","2","کوٹ / جیکٹ، بلی، لیمپ سن کر سمجھنا اور مناسب روزمرہ موقع میں درست ڈچ بات استعمال کرنا۔","appel; deur; b; boek; fiets; h; i; huis; ijs","jas — کوٹ / جیکٹ [T✓ R✓ G✓ U✓ I✓] | kat — بلی [T✓ R✓ G✓ U✓ I✓] | lamp — لیمپ [T✓ R✓ G✓ U✓ I✓]","No explicit pattern card in this run","حال: ابتدائی پڑھنے کے کارڈ پر ایک صاف تصویر بنی ہے۔ “کوٹ / جیکٹ” کے لیے کون سا ڈچ لفظ درست ہے؟ | حال: گھر کی تصویری فہرست میں ایک چیز نشان زد ہے۔ “لیمپ” کے لیے کون سا ڈچ لفظ درست ہے؟ | حال: ابتدائی پڑھنے کے کارڈ پر ایک صاف تصویر بنی ہے۔ “بلی” کے لیے کون سا ڈچ لفظ درست ہے؟","7","4","3","5"
"A0","حروف، آواز، اور پہلے لفظ","a0-letters-3","Herkenbare woorden en klanken","1","آنکھ، قلم، چاول سن کر سمجھنا اور مناسب روزمرہ موقع میں درست ڈچ بات استعمال کرنا۔","huis; ijs; jas; kat; lamp","oog — آنکھ [T✓ R✓ G✓ U✓ I✓] | pen — قلم [T✓ R✓ G✓ U✓ I✓] | rijst — چاول [T✓ R✓ G✓ U✓ I✓]","No explicit pattern card in this run","حال: ابتدائی پڑھنے کے کارڈ پر ایک صاف تصویر بنی ہے۔ “آنکھ” کے لیے کون سا ڈچ لفظ درست ہے؟ | حال: چھوٹی خریداری فہرست پر چیز کی تصویر بنی ہے۔ “چاول” کے لیے کون سا ڈچ لفظ درست ہے؟ | حال: ابتدائی پڑھنے کے کارڈ پر ایک صاف تصویر بنی ہے۔ “قلم” کے لیے کون سا ڈچ لفظ درست ہے؟","7","4","3","5"
"A0","حروف، آواز، اور پہلے لفظ","a0-letters-3","Herkenbare woorden en klanken","2","کرسی، میز، پانی سن کر سمجھنا اور مناسب روزمرہ موقع میں درست ڈچ بات استعمال کرنا۔","huis; ijs; jas; kat; lamp; oog; pen; rijst","stoel — کرسی [T✓ R✓ G✓ U✓ I✓] | tafel — میز [T✓ R✓ G✓ U✓ I✓] | water — پانی [T✓ R✓ G✓ U✓ I✓]","No explicit pattern card in this run","حال: گھر کی تصویری فہرست میں ایک چیز نشان زد ہے۔ “کرسی” کے لیے کون سا ڈچ لفظ درست ہے؟ | حال: چھوٹی خریداری فہرست پر چیز کی تصویر بنی ہے۔ “پانی” کے لیے کون سا ڈچ لفظ درست ہے؟ | حال: گھر کی تصویری فہرست میں ایک چیز نشان زد ہے۔ “میز” کے لیے کون سا ڈچ لفظ درست ہے؟","7","4","3","5"
"A0","میں، لوگ، خاندان، اور تعارف","a0-ik-jij-u","ik, jij, u","1","سب سے پہلے: میں، تم، آپ۔","pen; rijst; stoel; tafel; water","ik — میں [T✓ R✓ G✓ U✓ I✓] | jij — تم [T✓ R✓ G✓ U✓ I✓] | u — آپ [T✓ R✓ G✓ U✓ I✓]","No explicit pattern card in this run","حال: تعارف میں اپنی طرف اشارہ کرکے “میں” کہنا ہے۔ کون سا ڈچ لفظ کہیں؟ | حال: ڈاکٹر سے ادب کے ساتھ “آپ” کہنا ہے۔ کون سا ڈچ لفظ کہیں؟ | حال: قریبی دوست سے “تم” کہنا ہے۔ کون سا ڈچ لفظ کہیں؟","4","4","3","5"
"A0","میں، لوگ، خاندان، اور تعارف","a0-people-nouns","man, vrouw, kind","1","آدمی، عورت، بچہ، خاندان سن کر سمجھنا اور مناسب روزمرہ موقع میں درست ڈچ بات استعمال کرنا۔","ik; jij; u","man — آدمی [T✓ R✓ G✓ U✓ I✓] | vrouw — عورت [T✓ R✓ G✓ U✓ I✓] | kind — بچہ [T✓ R✓ G✓ U✓ I✓] | familie — خاندان [T✓ R✓ G✓ U✓ I✓]","No explicit pattern card in this run","حال: خاندانی تصویر کے نیچے ہر شخص یا گروہ کا ڈچ نام لگانا ہے۔ “آدمی” کے لیے کون سا ڈچ لفظ درست ہے؟ | حال: خاندانی تصویر کے نیچے ہر شخص یا گروہ کا ڈچ نام لگانا ہے۔ “خاندان” کے لیے کون سا ڈچ لفظ درست ہے؟ | حال: خاندانی تصویر کے نیچے ہر شخص یا گروہ کا ڈچ نام لگانا ہے۔ “عورت” کے لیے کون سا ڈچ لفظ درست ہے؟ | حال: خاندانی تصویر کے نیچے ہر شخص یا گروہ کا ڈچ نام لگانا ہے۔ “بچہ” کے لیے کون سا ڈچ لفظ درست ہے؟","5","5","4","5"
"A0","میں، لوگ، خاندان، اور تعارف","a0-people-nouns","man, vrouw, kind","2","والد / باپ، والدہ / ماں، بھائی، بہن سن کر سمجھنا اور مناسب روزمرہ موقع میں درست ڈچ بات استعمال کرنا۔","ik; jij; u; man; vrouw; kind; familie","vader — والد / باپ [T✓ R✓ G✓ U✓ I✓] | moeder — والدہ / ماں [T✓ R✓ G✓ U✓ I✓] | broer — بھائی [T✓ R✓ G✓ U✓ I✓] | zus — بہن [T✓ R✓ G✓ U✓ I✓]","No explicit pattern card in this run","حال: خاندانی تصویر کے نیچے ہر شخص یا گروہ کا ڈچ نام لگانا ہے۔ “والد / باپ” کے لیے کون سا ڈچ لفظ درست ہے؟ | حال: خاندانی تصویر کے نیچے ہر شخص یا گروہ کا ڈچ نام لگانا ہے۔ “بہن” کے لیے کون سا ڈچ لفظ درست ہے؟ | حال: خاندانی تصویر کے نیچے ہر شخص یا گروہ کا ڈچ نام لگانا ہے۔ “والدہ / ماں” کے لیے کون سا ڈچ لفظ درست ہے؟ | حال: خاندانی تصویر کے نیچے ہر شخص یا گروہ کا ڈچ نام لگانا ہے۔ “بھائی” کے لیے کون سا ڈچ لفظ درست ہے؟","5","5","4","5"
"A0","میں، لوگ، خاندان، اور تعارف","a0-hij-zij-wij","hij, zij, wij","1","وہ مرد، وہ عورت، ہم۔","familie; vader; moeder; broer; zus","hij — وہ مرد [T✓ R✓ G✓ U✓ I✓] | zij — وہ عورت / وہ لوگ [T✓ R✓ G✓ U✓ I✓] | wij — ہم [T✓ R✓ G✓ U✓ I✓]","No explicit pattern card in this run","حال: خاندانی تصویر میں ایک مرد کی طرف اشارہ کرکے “وہ” کہنا ہے۔ درست ڈچ لفظ چنیں۔ | حال: اپنے ساتھ کھڑے خاندان کی طرف اشارہ کرکے “ہم” کہنا ہے۔ درست ڈچ لفظ چنیں۔ | حال: خاندانی تصویر میں ایک عورت کی طرف اشارہ کرکے “وہ” کہنا ہے۔ درست ڈچ لفظ چنیں۔","4","4","3","5"
"A0","میں، لوگ، خاندان، اور تعارف","a0-een-de-het","een, de, het","1","ایک، آدمی، کتاب، ایک آدمی سن کر سمجھنا اور مناسب روزمرہ موقع میں درست ڈچ بات استعمال کرنا۔","hij; zij; wij","een — ایک [T✓ R✓ G✓ U✓ I✓] | de man — آدمی [T✓ R✓ G✓ U✓ I✓] | het boek — کتاب [T✓ R✓ G✓ U✓ I✓] | een man — ایک آدمی [T✓ R✓ G✓ U✓ I✓]","No explicit pattern card in this run","حال: تصویری فہرست میں کسی ایک شخص یا چیز کے نام سے پہلے “ایک” لگانا ہے۔ “ایک” کے لیے کون سا چھوٹا ڈچ لفظ درست ہے؟ | حال: گھر کی تصویری فہرست میں شخص یا چیز کے نیچے مکمل ڈچ نام لکھا جا رہا ہے۔ ایک آدمی کے لیے اسم سے پہلے آنے والے چھوٹے لفظ سمیت کون سا مکمل نام درست ہے؟ | حال: گھر کی تصویری فہرست میں شخص یا چیز کے نیچے مکمل ڈچ نام لکھا جا رہا ہے۔ آدمی کے لیے اسم سے پہلے آنے والے چھوٹے لفظ سمیت کون سا مکمل نام درست ہے؟ | حال: گھر کی تصویری فہرست میں شخص یا چیز کے نیچے مکمل ڈچ نام لکھا جا رہا ہے۔ کتاب کے لیے اسم سے پہلے آنے والے چھوٹے لفظ سمیت کون سا مکمل نام درست ہے؟","5","6","4","5"
"A0","میں، لوگ، خاندان، اور تعارف","a0-een-de-het","een, de, het","2","ایک کتاب، گھر، ایک عورت، دروازہ سن کر سمجھنا اور مناسب روزمرہ موقع میں درست ڈچ بات استعمال کرنا۔","hij; zij; wij; een; de man; het boek; een man","een boek — ایک کتاب [T✓ R✓ G✓ U✓ I✓] | het huis — گھر [T✓ R✓ G✓ U✓ I✓] | een vrouw — ایک عورت [T✓ R✓ G✓ U✓ I✓] | de deur — دروازہ [T✓ R✓ G✓ U✓ I✓]","No explicit pattern card in this run","حال: گھر کی تصویری فہرست میں شخص یا چیز کے نیچے مکمل ڈچ نام لکھا جا رہا ہے۔ ایک کتاب کے لیے اسم سے پہلے آنے والے چھوٹے لفظ سمیت کون سا مکمل نام درست ہے؟ | حال: گھر کی تصویری فہرست میں شخص یا چیز کے نیچے مکمل ڈچ نام لکھا جا رہا ہے۔ دروازہ کے لیے اسم سے پہلے آنے والے چھوٹے لفظ سمیت کون سا مکمل نام درست ہے؟ | حال: گھر کی تصویری فہرست میں شخص یا چیز کے نیچے مکمل ڈچ نام لکھا جا رہا ہے۔ گھر کے لیے اسم سے پہلے آنے والے چھوٹے لفظ سمیت کون سا مکمل نام درست ہے؟ | حال: گھر کی تصویری فہرست میں شخص یا چیز کے نیچے مکمل ڈچ نام لکھا جا رہا ہے۔ ایک عورت کے لیے اسم سے پہلے آنے والے چھوٹے لفظ سمیت کون سا مکمل نام درست ہے؟","5","6","4","5"
"A0","میں، لوگ، خاندان، اور تعارف","a0-ben-bent-is","ben, bent, is","1","میں Ali ہوں، میں ہوں، تم ہو سن کر سمجھنا اور مناسب روزمرہ موقع میں درست ڈچ بات استعمال کرنا۔","een man; een boek; het huis; een vrouw; de deur","ik ben Ali — میں Ali ہوں [T✓ R✓ G✓ U✓ I✓] | ik ben — میں ہوں [T✓ R✓ G✓ U✓ I✓] | jij bent — تم ہو [T✓ R✓ G✓ U✓ I✓]","شخص کے ساتھ ہوں، ہیں، یا ہے کی شکل: ik ben Ali [T✓ R✓ G✓ U✓ I✓]","حال: کمیونٹی مرکز میں بہت مختصر تعارف ہو رہا ہے۔ “میں Ali ہوں” کہنا ہو تو کون سی مکمل ڈچ بات کہیں؟ | حال: کمیونٹی مرکز میں بہت مختصر تعارف ہو رہا ہے۔ “تم ہو” کہنا ہو تو کون سی مکمل ڈچ بات کہیں؟ | حال: کمیونٹی مرکز میں بہت مختصر تعارف ہو رہا ہے۔ “میں ہوں” کہنا ہو تو کون سی مکمل ڈچ بات کہیں؟","5","6","3","5"
"A0","میں، لوگ، خاندان، اور تعارف","a0-ben-bent-is","ben, bent, is","2","آپ ہیں، وہ مرد ہے، وہ عورت ہے، ہم ہیں سن کر سمجھنا اور مناسب روزمرہ موقع میں درست ڈچ بات استعمال کرنا۔","een man; een boek; het huis; een vrouw; de deur; ik ben Ali; ik ben; jij bent","u bent — آپ ہیں [T✓ R✓ G✓ U✓ I✓] | hij is — وہ مرد ہے [T✓ R✓ G✓ U✓ I✓] | zij is — وہ عورت ہے [T✓ R✓ G✓ U✓ I✓] | wij zijn — ہم ہیں [T✓ R✓ G✓ U✓ I✓]","No explicit pattern card in this run","حال: کمیونٹی مرکز میں بہت مختصر تعارف ہو رہا ہے۔ “آپ ہیں” کہنا ہو تو کون سی مکمل ڈچ بات کہیں؟ | حال: کمیونٹی مرکز میں بہت مختصر تعارف ہو رہا ہے۔ “ہم ہیں” کہنا ہو تو کون سی مکمل ڈچ بات کہیں؟ | حال: کمیونٹی مرکز میں بہت مختصر تعارف ہو رہا ہے۔ “وہ مرد ہے” کہنا ہو تو کون سی مکمل ڈچ بات کہیں؟ | حال: کمیونٹی مرکز میں بہت مختصر تعارف ہو رہا ہے۔ “وہ عورت ہے” کہنا ہو تو کون سی مکمل ڈچ بات کہیں؟","5","6","4","5"
"A0","میں، لوگ، خاندان، اور تعارف","a0-first-sentences","eerste zinnen","1","میں ایک آدمی ہوں، میں ایک عورت ہوں، وہ ایک آدمی ہے سن کر سمجھنا اور مناسب روزمرہ موقع میں درست ڈچ بات استعمال کرنا۔","u bent; hij is; zij is; wij zijn; شخص کے ساتھ ہوں، ہیں، یا ہے کی شکل","ik ben een man — میں ایک آدمی ہوں [T✓ R✓ G✓ U✓ I✓] | ik ben een vrouw — میں ایک عورت ہوں [T✓ R✓ G✓ U✓ I✓] | hij is een man — وہ ایک آدمی ہے [T✓ R✓ G✓ U✓ I✓]","No explicit pattern card in this run","حال: نئے پڑوسی سے پہلی بار اپنا یا کسی دوسرے شخص کا مختصر تعارف ہو رہا ہے۔ “میں ایک آدمی ہوں” کہنا ہو تو کون سی مکمل ڈچ بات کہیں؟ | حال: نئے پڑوسی سے پہلی بار اپنا یا کسی دوسرے شخص کا مختصر تعارف ہو رہا ہے۔ “وہ ایک آدمی ہے” کہنا ہو تو کون سی مکمل ڈچ بات کہیں؟ | حال: نئے پڑوسی سے پہلی بار اپنا یا کسی دوسرے شخص کا مختصر تعارف ہو رہا ہے۔ “میں ایک عورت ہوں” کہنا ہو تو کون سی مکمل ڈچ بات کہیں؟","4","5","3","5"
"A0","میں، لوگ، خاندان، اور تعارف","a0-first-sentences","eerste zinnen","2","وہ ایک عورت ہے، ہم خاندان ہیں، وہ ایک آدمی ہے سن کر سمجھنا اور مناسب روزمرہ موقع میں درست ڈچ بات استعمال کرنا۔","u bent; hij is; zij is; wij zijn; شخص کے ساتھ ہوں، ہیں، یا ہے کی شکل; hij is een man; ik ben een man; ik ben een vrouw","zij is een vrouw — وہ ایک عورت ہے [T✓ R✓ G✓ U✓ I✓] | wij zijn familie — ہم خاندان ہیں [T✓ R✓ G✓ U✓ I✓]","No explicit pattern card in this run","حال: نئے پڑوسی سے پہلی بار اپنا یا کسی دوسرے شخص کا مختصر تعارف ہو رہا ہے۔ “وہ ایک عورت ہے” کہنا ہو تو کون سی مکمل ڈچ بات کہیں؟ | حال: نئے پڑوسی سے پہلی بار اپنا یا کسی دوسرے شخص کا مختصر تعارف ہو رہا ہے۔ “ہم خاندان ہیں” کہنا ہو تو کون سی مکمل ڈچ بات کہیں؟","4","5","2","5"
"A0","میں، لوگ، خاندان، اور تعارف","a0-name-land-city","naam, land, woonplaats","1","نام، ملک، شہر سن کر سمجھنا اور مناسب روزمرہ موقع میں درست ڈچ بات استعمال کرنا۔","ik ben een man; ik ben een vrouw; hij is een man; zij is een vrouw; wij zijn familie","naam — نام [T✓ R✓ G✓ U✓ I✓] | land — ملک [T✓ R✓ G✓ U✓ I✓] | stad — شہر [T✓ R✓ G✓ U✓ I✓]","No explicit pattern card in this run","حال: رجسٹریشن کاؤنٹر پر نام، ملک، اور رہنے کی جگہ بتانی ہے۔ “نام” کے لیے کون سا ڈچ لفظ درست ہے؟ | حال: رجسٹریشن کاؤنٹر پر نام، ملک، اور رہنے کی جگہ بتانی ہے۔ “شہر” کے لیے کون سا ڈچ لفظ درست ہے؟ | حال: رجسٹریشن کاؤنٹر پر نام، ملک، اور رہنے کی جگہ بتانی ہے۔ “ملک” کے لیے کون سا ڈچ لفظ درست ہے؟","5","4","3","5"
"A0","میں، لوگ، خاندان، اور تعارف","a0-name-land-city","naam, land, woonplaats","2","میرا نام Ali ہے، میں Nederland میں رہتا/رہتی ہوں، میں Pakistan سے آتا/آتی ہوں سن کر سمجھنا اور مناسب روزمرہ موقع میں درست ڈچ بات استعمال کرنا۔","ik ben een man; ik ben een vrouw; hij is een man; zij is een vrouw; wij zijn familie; naam; land; stad","mijn naam is Ali — میرا نام Ali ہے [T✓ R✓ G✓ U✓ I✓] | ik woon in Nederland — میں Nederland میں رہتا/رہتی ہوں [T✓ R✓ G✓ U✓ I✓] | ik kom uit Pakistan — میں Pakistan سے آتا/آتی ہوں [T✓ R✓ G✓ U✓ I✓]","No explicit pattern card in this run","حال: رجسٹریشن کاؤنٹر پر نام، ملک، اور رہنے کی جگہ بتانی ہے۔ “میرا نام Ali ہے” کہنا ہو تو کون سی مکمل ڈچ بات کہیں؟ | حال: رجسٹریشن کاؤنٹر پر نام، ملک، اور رہنے کی جگہ بتانی ہے۔ “میں Pakistan سے آتا/آتی ہوں” کہنا ہو تو کون سی مکمل ڈچ بات کہیں؟ | حال: رجسٹریشن کاؤنٹر پر نام، ملک، اور رہنے کی جگہ بتانی ہے۔ “میں Nederland میں رہتا/رہتی ہوں” کہنا ہو تو کون سی مکمل ڈچ بات کہیں؟","4","5","3","5"
"A0","چیز، ملکیت، اور چھوٹا سوال","a0-hebben-1","ik heb","1","کسی چیز کے پاس ہونے کی پہلی Nederlands شکل۔","land; stad; mijn naam is Ali; ik woon in Nederland; ik kom uit Pakistan","ik heb een boek — میرے پاس ایک کتاب ہے [T✓ R✓ G✓ U✓ I✓] | jij hebt een pen — تمہارے پاس ایک قلم ہے [T✓ R✓ G✓ U✓ I✓] | hij heeft een huis — اس کے پاس ایک گھر ہے [T✓ R✓ G✓ U✓ I✓]","کس کے پاس کیا ہے: ik heb een boek [T✓ R✓ G✓ U✓ I✓]","حال: کلاس میں کتاب، قلم، یا گھر کی تصویر کے بارے میں بتانا ہے کہ کس کے پاس کیا ہے۔ “میرے پاس ایک کتاب ہے” کہنا ہو تو کون سی مکمل ڈچ بات کہیں؟ | حال: کلاس میں کتاب، قلم، یا گھر کی تصویر کے بارے میں بتانا ہے کہ کس کے پاس کیا ہے۔ “اس کے پاس ایک گھر ہے” کہنا ہو تو کون سی مکمل ڈچ بات کہیں؟ | حال: کلاس میں کتاب، قلم، یا گھر کی تصویر کے بارے میں بتانا ہے کہ کس کے پاس کیا ہے۔ “تمہارے پاس ایک قلم ہے” کہنا ہو تو کون سی مکمل ڈچ بات کہیں؟","5","6","3","5"
"A0","چیز، ملکیت، اور چھوٹا سوال","a0-geen","geen","1","کوئی کتاب نہیں، میرے پاس کتاب نہیں ہے، اس کے پاس قلم نہیں ہے سن کر سمجھنا اور مناسب روزمرہ موقع میں درست ڈچ بات استعمال کرنا۔","ik heb een boek; jij hebt een pen; hij heeft een huis; کس کے پاس کیا ہے","geen boek — کوئی کتاب نہیں [T✓ R✓ G✓ U✓ I✓] | ik heb geen boek — میرے پاس کتاب نہیں ہے [T✓ R✓ G✓ U✓ I✓] | zij heeft geen pen — اس کے پاس قلم نہیں ہے [T✓ R✓ G✓ U✓ I✓]","کوئی چیز پاس نہ ہونا: ik heb geen boek [T✓ R✓ G✓ U✓ I✓]","حال: کلاس کی چیزوں کی فہرست دیکھی گئی، مگر مطلوبہ چیز موجود نہیں ہے۔ “کوئی کتاب نہیں” کہنا ہو تو کون سی مکمل ڈچ بات کہیں؟ | حال: کلاس کی چیزوں کی فہرست دیکھی گئی، مگر مطلوبہ چیز موجود نہیں ہے۔ “اس کے پاس قلم نہیں ہے” کہنا ہو تو کون سی مکمل ڈچ بات کہیں؟ | حال: کلاس کی چیزوں کی فہرست دیکھی گئی، مگر مطلوبہ چیز موجود نہیں ہے۔ “میرے پاس کتاب نہیں ہے” کہنا ہو تو کون سی مکمل ڈچ بات کہیں؟","5","6","3","5"
"A0","چیز، ملکیت، اور چھوٹا سوال","a0-geen","geen","2","ہمارے پاس گھر نہیں ہے، میں ٹھیک نہیں ہوں، اس کے پاس قلم نہیں ہے سن کر سمجھنا اور مناسب روزمرہ موقع میں درست ڈچ بات استعمال کرنا۔","ik heb een boek; jij hebt een pen; hij heeft een huis; کس کے پاس کیا ہے; zij heeft geen pen; geen boek; ik heb geen boek","wij hebben geen huis — ہمارے پاس گھر نہیں ہے [T✓ R✓ G✓ U✓ I✓] | ik ben niet goed — میں ٹھیک نہیں ہوں [T✓ R✓ G✓ U✓ I✓]","No explicit pattern card in this run","حال: کلاس کی چیزوں کی فہرست دیکھی گئی، مگر مطلوبہ چیز موجود نہیں ہے۔ “ہمارے پاس گھر نہیں ہے” کہنا ہو تو کون سی مکمل ڈچ بات کہیں؟ | حال: کلاس کی چیزوں کی فہرست دیکھی گئی، مگر مطلوبہ چیز موجود نہیں ہے۔ “میں ٹھیک نہیں ہوں” کہنا ہو تو کون سی مکمل ڈچ بات کہیں؟","4","5","2","5"
"A0","چیز، ملکیت، اور چھوٹا سوال","a0-possessive","mijn, jouw, zijn, haar","1","میرا، تمہارا، اس مرد کا / اس کا، اس عورت کا / اس کا سن کر سمجھنا اور مناسب روزمرہ موقع میں درست ڈچ بات استعمال کرنا۔","ik heb geen boek; zij heeft geen pen; wij hebben geen huis; ik ben niet goed; کوئی چیز پاس نہ ہونا","mijn — میرا [T✓ R✓ G✓ U✓ I✓] | jouw — تمہارا [T✓ R✓ G✓ U✓ I✓] | zijn — اس مرد کا / اس کا [T✓ R✓ G✓ U✓ I✓] | haar — اس عورت کا / اس کا [T✓ R✓ G✓ U✓ I✓]","No explicit pattern card in this run","حال: گمشدہ چیزوں کی میز پر نام اور مالک درست چیز کے ساتھ ملانا ہے۔ “میرا” کے لیے کون سا ڈچ لفظ درست ہے؟ | حال: گمشدہ چیزوں کی میز پر نام اور مالک درست چیز کے ساتھ ملانا ہے۔ “اس عورت کا / اس کا” کے لیے کون سا ڈچ لفظ درست ہے؟ | حال: گمشدہ چیزوں کی میز پر نام اور مالک درست چیز کے ساتھ ملانا ہے۔ “تمہارا” کے لیے کون سا ڈچ لفظ درست ہے؟ | حال: گمشدہ چیزوں کی میز پر نام اور مالک درست چیز کے ساتھ ملانا ہے۔ اس مرد کا / اس کا پوچھنے کے لیے کون سا مکمل سوال کہیں؟","5","5","4","5"
"A0","چیز، ملکیت، اور چھوٹا سوال","a0-possessive","mijn, jouw, zijn, haar","2","میرا نام، اس مرد کی کتاب، میرا گھر، اس عورت کا قلم سن کر سمجھنا اور مناسب روزمرہ موقع میں درست ڈچ بات استعمال کرنا۔","ik heb geen boek; zij heeft geen pen; wij hebben geen huis; ik ben niet goed; کوئی چیز پاس نہ ہونا; mijn; jouw; zijn; haar","mijn naam — میرا نام [T✓ R✓ G✓ U✓ I✓] | zijn boek — اس مرد کی کتاب [T✓ R✓ G✓ U✓ I✓] | mijn huis — میرا گھر [T✓ R✓ G✓ U✓ I✓] | haar pen — اس عورت کا قلم [T✓ R✓ G✓ U✓ I✓]","No explicit pattern card in this run","حال: گمشدہ چیزوں کی میز پر نام اور مالک درست چیز کے ساتھ ملانا ہے۔ “میرا نام” کہنا ہو تو کون سی مکمل ڈچ بات کہیں؟ | حال: گمشدہ چیزوں کی میز پر نام اور مالک درست چیز کے ساتھ ملانا ہے۔ “اس عورت کا قلم” کہنا ہو تو کون سی مکمل ڈچ بات کہیں؟ | حال: گمشدہ چیزوں کی میز پر نام اور مالک درست چیز کے ساتھ ملانا ہے۔ اس مرد کی کتاب پوچھنے کے لیے کون سا مکمل سوال کہیں؟ | حال: گمشدہ چیزوں کی میز پر نام اور مالک درست چیز کے ساتھ ملانا ہے۔ “میرا گھر” کہنا ہو تو کون سی مکمل ڈچ بات کہیں؟","5","6","4","5"
"A0","چیز، ملکیت، اور چھوٹا سوال","a0-possessive","mijn, jouw, zijn, haar","3","اس عورت کی کتاب، اس مرد کا گھر، تمہارا نام سن کر سمجھنا اور مناسب روزمرہ موقع میں درست ڈچ بات استعمال کرنا۔","ik heb geen boek; zij heeft geen pen; wij hebben geen huis; ik ben niet goed; کوئی چیز پاس نہ ہونا; mijn; jouw; zijn; haar; mijn naam; zijn boek; mijn huis; haar pen","haar boek — اس عورت کی کتاب [T✓ R✓ G✓ U✓ I✓] | zijn huis — اس مرد کا گھر [T✓ R✓ G✓ U✓ I✓] | jouw naam — تمہارا نام [T✓ R✓ G✓ U✓ I✓]","No explicit pattern card in this run","حال: گمشدہ چیزوں کی میز پر نام اور مالک درست چیز کے ساتھ ملانا ہے۔ “اس عورت کی کتاب” کہنا ہو تو کون سی مکمل ڈچ بات کہیں؟ | حال: گمشدہ چیزوں کی میز پر نام اور مالک درست چیز کے ساتھ ملانا ہے۔ “تمہارا نام” کہنا ہو تو کون سی مکمل ڈچ بات کہیں؟ | حال: گمشدہ چیزوں کی میز پر نام اور مالک درست چیز کے ساتھ ملانا ہے۔ اس مرد کا گھر پوچھنے کے لیے کون سا مکمل سوال کہیں؟","4","5","3","5"
"A0","چیز، ملکیت، اور چھوٹا سوال","a0-dit-dat-questions","Dit, dat en vragen","1","یہ، وہ، یہاں، وہاں سن کر سمجھنا اور مناسب روزمرہ موقع میں درست ڈچ بات استعمال کرنا۔","mijn huis; haar pen; haar boek; zijn huis; jouw naam","dit — یہ [T✓ R✓ G✓ U✓ I✓] | dat — وہ [T✓ R✓ G✓ U✓ I✓] | hier — یہاں [T✓ R✓ G✓ U✓ I✓] | daar — وہاں [T✓ R✓ G✓ U✓ I✓]","No explicit pattern card in this run","حال: کمیونٹی مرکز میں ایک شخص، چیز، یا جگہ کی شناخت یا سمت معلوم کرنی ہے۔ “یہ” کے لیے کون سا ڈچ لفظ درست ہے؟ | حال: کمیونٹی مرکز میں ایک شخص، چیز، یا جگہ کی شناخت یا سمت معلوم کرنی ہے۔ “وہاں” کے لیے کون سا ڈچ لفظ درست ہے؟ | حال: کمیونٹی مرکز میں ایک شخص، چیز، یا جگہ کی شناخت یا سمت معلوم کرنی ہے۔ “وہ” کے لیے کون سا ڈچ لفظ درست ہے؟ | حال: کمیونٹی مرکز میں ایک شخص، چیز، یا جگہ کی شناخت یا سمت معلوم کرنی ہے۔ “یہاں” کے لیے کون سا ڈچ لفظ درست ہے؟","5","5","4","5"
"A0","چیز، ملکیت، اور چھوٹا سوال","a0-dit-dat-questions","Dit, dat en vragen","2","کون، کیا، کہاں، کیسے سن کر سمجھنا اور مناسب روزمرہ موقع میں درست ڈچ بات استعمال کرنا۔","mijn huis; haar pen; haar boek; zijn huis; jouw naam; dit; dat; hier; daar","wie — کون [T✓ R✓ G✓ U✓ I✓] | wat — کیا [T✓ R✓ G✓ U✓ I✓] | waar — کہاں [T✓ R✓ G✓ U✓ I✓] | hoe — کیسے [T✓ R✓ G✓ U✓ I✓]","No explicit pattern card in this run","حال: کمیونٹی مرکز میں شخص، چیز، جگہ، یا طریقے کے بارے میں سوال شروع کرنا ہے۔ “کون” پوچھنے کے لیے سوال شروع کرنے والا کون سا ڈچ لفظ درست ہے؟ | حال: کمیونٹی مرکز میں شخص، چیز، جگہ، یا طریقے کے بارے میں سوال شروع کرنا ہے۔ “کیسے” پوچھنے کے لیے سوال شروع کرنے والا کون سا ڈچ لفظ درست ہے؟ | حال: کمیونٹی مرکز میں شخص، چیز، جگہ، یا طریقے کے بارے میں سوال شروع کرنا ہے۔ “کیا” پوچھنے کے لیے سوال شروع کرنے والا کون سا ڈچ لفظ درست ہے؟ | حال: کمیونٹی مرکز میں شخص، چیز، جگہ، یا طریقے کے بارے میں سوال شروع کرنا ہے۔ “کہاں” پوچھنے کے لیے سوال شروع کرنے والا کون سا ڈچ لفظ درست ہے؟","5","5","4","5"
"A0","چیز، ملکیت، اور چھوٹا سوال","a0-dit-dat-questions","Dit, dat en vragen","3","یہ کیا ہے، ٹوائلٹ کہاں ہے، یہ ایک کتاب ہے، وہ میرا گھر ہے سن کر سمجھنا اور مناسب روزمرہ موقع میں درست ڈچ بات استعمال کرنا۔","mijn huis; haar pen; haar boek; zijn huis; jouw naam; dit; dat; hier; daar; wie; wat; waar; hoe","wat is dit — یہ کیا ہے؟ [T✓ R✓ G✓ U✓ I✓] | waar is het toilet — ٹوائلٹ کہاں ہے؟ [T✓ R✓ G✓ U✓ I✓] | dit is een boek — یہ ایک کتاب ہے [T✓ R✓ G✓ U✓ I✓] | dat is mijn huis — وہ میرا گھر ہے [T✓ R✓ G✓ U✓ I✓]","No explicit pattern card in this run","حال: کمیونٹی مرکز میں ایک شخص، چیز، یا جگہ کی شناخت یا سمت معلوم کرنی ہے۔ یہ کیا ہے پوچھنے کے لیے کون سا مکمل سوال کہیں؟ | حال: کمیونٹی مرکز میں ایک شخص، چیز، یا جگہ کی شناخت یا سمت معلوم کرنی ہے۔ “وہ میرا گھر ہے” کہنا ہو تو کون سی مکمل ڈچ بات کہیں؟ | حال: کمیونٹی مرکز میں ایک شخص، چیز، یا جگہ کی شناخت یا سمت معلوم کرنی ہے۔ ٹوائلٹ کہاں ہے پوچھنے کے لیے کون سا مکمل سوال کہیں؟ | حال: کمیونٹی مرکز میں ایک شخص، چیز، یا جگہ کی شناخت یا سمت معلوم کرنی ہے۔ “یہ ایک کتاب ہے” کہنا ہو تو کون سی مکمل ڈچ بات کہیں؟","5","6","4","5"
"A0","اعداد، وقت، اور رابطے کی معلومات","a0-numbers-0-10","Getallen 0–10","1","صفر، ایک، دو، تین سن کر سمجھنا اور مناسب روزمرہ موقع میں درست ڈچ بات استعمال کرنا۔","hoe; wat is dit; waar is het toilet; dit is een boek; dat is mijn huis; een","nul — صفر [T✓ R✓ G✓ U✓ I✓] | twee — دو [T✓ R✓ G✓ U✓ I✓] | drie — تین [T✓ R✓ G✓ U✓ I✓]","No explicit pattern card in this run","حال: فون نمبر یا کاؤنٹر کے ٹوکن میں ایک عدد سنائی دیتا ہے۔ “صفر” کے لیے کون سا ڈچ لفظ درست ہے؟ | حال: فون نمبر یا کاؤنٹر کے ٹوکن میں ایک عدد سنائی دیتا ہے۔ “تین” کے لیے کون سا ڈچ لفظ درست ہے؟ | حال: فون نمبر یا کاؤنٹر کے ٹوکن میں ایک عدد سنائی دیتا ہے۔ “دو” کے لیے کون سا ڈچ لفظ درست ہے؟","5","5","3","5"
"A0","اعداد، وقت، اور رابطے کی معلومات","a0-numbers-0-10","Getallen 0–10","2","چار، پانچ، چھ، سات سن کر سمجھنا اور مناسب روزمرہ موقع میں درست ڈچ بات استعمال کرنا۔","hoe; wat is dit; waar is het toilet; dit is een boek; dat is mijn huis; een; nul; twee; drie","vier — چار [T✓ R✓ G✓ U✓ I✓] | vijf — پانچ [T✓ R✓ G✓ U✓ I✓] | zes — چھ [T✓ R✓ G✓ U✓ I✓] | zeven — سات [T✓ R✓ G✓ U✓ I✓]","No explicit pattern card in this run","حال: فون نمبر یا کاؤنٹر کے ٹوکن میں ایک عدد سنائی دیتا ہے۔ “چار” کے لیے کون سا ڈچ لفظ درست ہے؟ | حال: فون نمبر یا کاؤنٹر کے ٹوکن میں ایک عدد سنائی دیتا ہے۔ “سات” کے لیے کون سا ڈچ لفظ درست ہے؟ | حال: فون نمبر یا کاؤنٹر کے ٹوکن میں ایک عدد سنائی دیتا ہے۔ “پانچ” کے لیے کون سا ڈچ لفظ درست ہے؟ | حال: فون نمبر یا کاؤنٹر کے ٹوکن میں ایک عدد سنائی دیتا ہے۔ “چھ” کے لیے کون سا ڈچ لفظ درست ہے؟","5","5","4","5"
"A0","اعداد، وقت، اور رابطے کی معلومات","a0-numbers-0-10","Getallen 0–10","3","آٹھ، نو، دس، دو کتابیں سن کر سمجھنا اور مناسب روزمرہ موقع میں درست ڈچ بات استعمال کرنا۔","hoe; wat is dit; waar is het toilet; dit is een boek; dat is mijn huis; een; nul; twee; drie; vier; vijf; zes; zeven","acht — آٹھ [T✓ R✓ G✓ U✓ I✓] | negen — نو [T✓ R✓ G✓ U✓ I✓] | tien — دس [T✓ R✓ G✓ U✓ I✓] | twee boeken — دو کتابیں [T✓ R✓ G✓ U✓ I✓]","No explicit pattern card in this run","حال: فون نمبر یا کاؤنٹر کے ٹوکن میں ایک عدد سنائی دیتا ہے۔ “آٹھ” کے لیے کون سا ڈچ لفظ درست ہے؟ | حال: کلاس کی فہرست میں کتابوں یا بچوں کی تعداد لکھی ہے۔ “دو کتابیں” کہنا ہو تو کون سی مکمل ڈچ بات کہیں؟ | حال: فون نمبر یا کاؤنٹر کے ٹوکن میں ایک عدد سنائی دیتا ہے۔ “نو” کے لیے کون سا ڈچ لفظ درست ہے؟ | حال: فون نمبر یا کاؤنٹر کے ٹوکن میں ایک عدد سنائی دیتا ہے۔ “دس” کے لیے کون سا ڈچ لفظ درست ہے؟","5","6","4","5"
"A0","اعداد، وقت، اور رابطے کی معلومات","a0-numbers-0-10","Getallen 0–10","4","تین بچے، بس نمبر آٹھ، چار یورو سن کر سمجھنا اور مناسب روزمرہ موقع میں درست ڈچ بات استعمال کرنا۔","hoe; wat is dit; waar is het toilet; dit is een boek; dat is mijn huis; een; nul; twee; drie; vier; vijf; zes; zeven; acht; negen; tien; twee boeken","drie kinderen — تین بچے [T✓ R✓ G✓ U✓ I✓] | bus acht — بس نمبر آٹھ [T✓ R✓ G✓ U✓ I✓] | vier euro — چار یورو [T✓ R✓ G✓ U✓ I✓]","No explicit pattern card in this run","حال: کلاس کی فہرست میں کتابوں یا بچوں کی تعداد لکھی ہے۔ “تین بچے” کہنا ہو تو کون سی مکمل ڈچ بات کہیں؟ | حال: چھوٹی دکان کے ڈسپلے پر قیمت دکھائی گئی ہے۔ “چار یورو” کہنا ہو تو کون سی مکمل ڈچ بات کہیں؟ | حال: بس اسٹاپ کے برقی نشان پر لائن نمبر دکھائی دیتا ہے۔ “بس نمبر آٹھ” کہنا ہو تو کون سی مکمل ڈچ بات کہیں؟","4","5","3","5"
"A0","اعداد، وقت، اور رابطے کی معلومات","a0-numbers-11-100","Getallen 11–100","1","گیارہ، بارہ، تیرہ، تیس سن کر سمجھنا اور مناسب روزمرہ موقع میں درست ڈچ بات استعمال کرنا۔","tien; twee boeken; drie kinderen; bus acht; vier euro","elf — گیارہ [T✓ R✓ G✓ U✓ I✓] | twaalf — بارہ [T✓ R✓ G✓ U✓ I✓] | dertien — تیرہ [T✓ R✓ G✓ U✓ I✓] | dertig — تیس [T✓ R✓ G✓ U✓ I✓]","No explicit pattern card in this run","حال: کاؤنٹر کے ٹوکن یا فون میں ایک بڑا عدد سنائی دیتا ہے۔ “گیارہ” کے لیے کون سا ڈچ لفظ درست ہے؟ | حال: کاؤنٹر کے ٹوکن یا فون میں ایک بڑا عدد سنائی دیتا ہے۔ “تیس” کے لیے کون سا ڈچ لفظ درست ہے؟ | حال: کاؤنٹر کے ٹوکن یا فون میں ایک بڑا عدد سنائی دیتا ہے۔ “بارہ” کے لیے کون سا ڈچ لفظ درست ہے؟ | حال: کاؤنٹر کے ٹوکن یا فون میں ایک بڑا عدد سنائی دیتا ہے۔ “تیرہ” کے لیے کون سا ڈچ لفظ درست ہے؟","5","5","4","5"
"A0","اعداد، وقت، اور رابطے کی معلومات","a0-numbers-11-100","Getallen 11–100","2","چودہ، چالیس، پندرہ، پچاس سن کر سمجھنا اور مناسب روزمرہ موقع میں درست ڈچ بات استعمال کرنا۔","tien; twee boeken; drie kinderen; bus acht; vier euro; elf; twaalf; dertien; dertig","veertien — چودہ [T✓ R✓ G✓ U✓ I✓] | veertig — چالیس [T✓ R✓ G✓ U✓ I✓] | vijftien — پندرہ [T✓ R✓ G✓ U✓ I✓] | vijftig — پچاس [T✓ R✓ G✓ U✓ I✓]","No explicit pattern card in this run","حال: کاؤنٹر کے ٹوکن یا فون میں ایک بڑا عدد سنائی دیتا ہے۔ “چودہ” کے لیے کون سا ڈچ لفظ درست ہے؟ | حال: کاؤنٹر کے ٹوکن یا فون میں ایک بڑا عدد سنائی دیتا ہے۔ “پچاس” کے لیے کون سا ڈچ لفظ درست ہے؟ | حال: کاؤنٹر کے ٹوکن یا فون میں ایک بڑا عدد سنائی دیتا ہے۔ “چالیس” کے لیے کون سا ڈچ لفظ درست ہے؟ | حال: کاؤنٹر کے ٹوکن یا فون میں ایک بڑا عدد سنائی دیتا ہے۔ “پندرہ” کے لیے کون سا ڈچ لفظ درست ہے؟","5","5","4","5"
"A0","اعداد، وقت، اور رابطے کی معلومات","a0-numbers-11-100","Getallen 11–100","3","سولہ، ساٹھ، سترہ، ستر سن کر سمجھنا اور مناسب روزمرہ موقع میں درست ڈچ بات استعمال کرنا۔","tien; twee boeken; drie kinderen; bus acht; vier euro; elf; twaalf; dertien; dertig; veertien; veertig; vijftien; vijftig","zestien — سولہ [T✓ R✓ G✓ U✓ I✓] | zestig — ساٹھ [T✓ R✓ G✓ U✓ I✓] | zeventien — سترہ [T✓ R✓ G✓ U✓ I✓] | zeventig — ستر [T✓ R✓ G✓ U✓ I✓]","No explicit pattern card in this run","حال: کاؤنٹر کے ٹوکن یا فون میں ایک بڑا عدد سنائی دیتا ہے۔ “سولہ” کے لیے کون سا ڈچ لفظ درست ہے؟ | حال: کاؤنٹر کے ٹوکن یا فون میں ایک بڑا عدد سنائی دیتا ہے۔ “ستر” کے لیے کون سا ڈچ لفظ درست ہے؟ | حال: کاؤنٹر کے ٹوکن یا فون میں ایک بڑا عدد سنائی دیتا ہے۔ “ساٹھ” کے لیے کون سا ڈچ لفظ درست ہے؟ | حال: کاؤنٹر کے ٹوکن یا فون میں ایک بڑا عدد سنائی دیتا ہے۔ “سترہ” کے لیے کون سا ڈچ لفظ درست ہے؟","5","5","4","5"
"A0","اعداد، وقت، اور رابطے کی معلومات","a0-numbers-11-100","Getallen 11–100","4","اٹھارہ، اسی، انیس، نوے سن کر سمجھنا اور مناسب روزمرہ موقع میں درست ڈچ بات استعمال کرنا۔","tien; twee boeken; drie kinderen; bus acht; vier euro; elf; twaalf; dertien; dertig; veertien; veertig; vijftien; vijftig; zestien; zestig; zeventien; zeventig","achttien — اٹھارہ [T✓ R✓ G✓ U✓ I✓] | tachtig — اسی [T✓ R✓ G✓ U✓ I✓] | negentien — انیس [T✓ R✓ G✓ U✓ I✓] | negentig — نوے [T✓ R✓ G✓ U✓ I✓]","No explicit pattern card in this run","حال: کاؤنٹر کے ٹوکن یا فون میں ایک بڑا عدد سنائی دیتا ہے۔ “اٹھارہ” کے لیے کون سا ڈچ لفظ درست ہے؟ | حال: کاؤنٹر کے ٹوکن یا فون میں ایک بڑا عدد سنائی دیتا ہے۔ “نوے” کے لیے کون سا ڈچ لفظ درست ہے؟ | حال: کاؤنٹر کے ٹوکن یا فون میں ایک بڑا عدد سنائی دیتا ہے۔ “اسی” کے لیے کون سا ڈچ لفظ درست ہے؟ | حال: کاؤنٹر کے ٹوکن یا فون میں ایک بڑا عدد سنائی دیتا ہے۔ “انیس” کے لیے کون سا ڈچ لفظ درست ہے؟","5","5","4","5"
"A0","اعداد، وقت، اور رابطے کی معلومات","a0-numbers-11-100","Getallen 11–100","5","بیس، سو، میں اٹھارہ سال کا/کی ہوں، گھر نمبر چودہ سن کر سمجھنا اور مناسب روزمرہ موقع میں درست ڈچ بات استعمال کرنا۔","tien; twee boeken; drie kinderen; bus acht; vier euro; elf; twaalf; dertien; dertig; veertien; veertig; vijftien; vijftig; zestien; zestig; zeventien; zeventig; achttien; tachtig; negentien; negentig","twintig — بیس [T✓ R✓ G✓ U✓ I✓] | honderd — سو [T✓ R✓ G✓ U✓ I✓] | ik ben achttien jaar — میں اٹھارہ سال کا/کی ہوں [T✓ R✓ G✓ U✓ I✓] | huisnummer veertien — گھر نمبر چودہ [T✓ R✓ G✓ U✓ I✓]","No explicit pattern card in this run","حال: کاؤنٹر کے ٹوکن یا فون میں ایک بڑا عدد سنائی دیتا ہے۔ “بیس” کے لیے کون سا ڈچ لفظ درست ہے؟ | حال: گھر کے دروازے پر نمبر صاف لکھا ہے۔ “گھر نمبر چودہ” کہنا ہو تو کون سی مکمل ڈچ بات کہیں؟ | حال: کاؤنٹر کے ٹوکن یا فون میں ایک بڑا عدد سنائی دیتا ہے۔ “سو” کے لیے کون سا ڈچ لفظ درست ہے؟ | حال: تعارف فارم پر عمر بتانی ہے۔ “میں اٹھارہ سال کا/کی ہوں” کہنا ہو تو کون سی مکمل ڈچ بات کہیں؟","5","6","4","5"
"A0","اعداد، وقت، اور رابطے کی معلومات","a0-numbers-11-100","Getallen 11–100","6","بس نمبر پچاس، بیس یورو، گھر نمبر چودہ سن کر سمجھنا اور مناسب روزمرہ موقع میں درست ڈچ بات استعمال کرنا۔","tien; twee boeken; drie kinderen; bus acht; vier euro; huisnummer veertien; elf; twaalf; dertien; dertig; veertien; veertig; vijftien; vijftig; zestien; zestig; zeventien; zeventig; achttien; tachtig; negentien; negentig; twintig; honderd; ik ben achttien jaar","bus vijftig — بس نمبر پچاس [T✓ R✓ G✓ U✓ I✓] | twintig euro — بیس یورو [T✓ R✓ G✓ U✓ I✓]","No explicit pattern card in this run","حال: بس اسٹاپ کے نشان پر لائن نمبر لکھا ہے۔ “بس نمبر پچاس” کہنا ہو تو کون سی مکمل ڈچ بات کہیں؟ | حال: دکان کی قیمت کی تختی پر رقم لکھی ہے۔ “بیس یورو” کہنا ہو تو کون سی مکمل ڈچ بات کہیں؟","4","5","2","5"
"A0","اعداد، وقت، اور رابطے کی معلومات","a0-time-days","Tijd en dagen","1","آج، کل / آنے والا دن، گزرا ہوا کل، ابھی سن کر سمجھنا اور مناسب روزمرہ موقع میں درست ڈچ بات استعمال کرنا۔","honderd; ik ben achttien jaar; huisnummer veertien; bus vijftig; twintig euro","vandaag — آج [T✓ R✓ G✓ U✓ I✓] | morgen — کل / آنے والا دن [T✓ R✓ G✓ U✓ I✓] | gisteren — گزرا ہوا کل [T✓ R✓ G✓ U✓ I✓] | nu — ابھی [T✓ R✓ G✓ U✓ I✓]","No explicit pattern card in this run","حال: ہفتے کے شیڈول اور ملاقات کارڈ میں دن یا وقت کی معلومات دیکھنی ہیں۔ “آج” کے لیے کون سا ڈچ لفظ درست ہے؟ | حال: ہفتے کے شیڈول اور ملاقات کارڈ میں دن یا وقت کی معلومات دیکھنی ہیں۔ “ابھی” کے لیے کون سا ڈچ لفظ درست ہے؟ | حال: ہفتے کے شیڈول اور ملاقات کارڈ میں دن یا وقت کی معلومات دیکھنی ہیں۔ “کل / آنے والا دن” کے لیے کون سا ڈچ لفظ درست ہے؟ | حال: ہفتے کے شیڈول اور ملاقات کارڈ میں دن یا وقت کی معلومات دیکھنی ہیں۔ “گزرا ہوا کل” کے لیے کون سا ڈچ لفظ درست ہے؟","5","5","4","5"
"A0","اعداد، وقت، اور رابطے کی معلومات","a0-time-days","Tijd en dagen","2","گھنٹہ / بجے، پیر، منگل، بدھ سن کر سمجھنا اور مناسب روزمرہ موقع میں درست ڈچ بات استعمال کرنا۔","honderd; ik ben achttien jaar; huisnummer veertien; bus vijftig; twintig euro; vandaag; morgen; gisteren; nu","uur — گھنٹہ / بجے [T✓ R✓ G✓ U✓ I✓] | maandag — پیر [T✓ R✓ G✓ U✓ I✓] | dinsdag — منگل [T✓ R✓ G✓ U✓ I✓] | woensdag — بدھ [T✓ R✓ G✓ U✓ I✓]","No explicit pattern card in this run","حال: ہفتے کے شیڈول اور ملاقات کارڈ میں دن یا وقت کی معلومات دیکھنی ہیں۔ “گھنٹہ / بجے” کے لیے کون سا ڈچ لفظ درست ہے؟ | حال: ہفتے کے شیڈول اور ملاقات کارڈ میں دن یا وقت کی معلومات دیکھنی ہیں۔ “بدھ” کے لیے کون سا ڈچ لفظ درست ہے؟ | حال: ہفتے کے شیڈول اور ملاقات کارڈ میں دن یا وقت کی معلومات دیکھنی ہیں۔ “پیر” کے لیے کون سا ڈچ لفظ درست ہے؟ | حال: ہفتے کے شیڈول اور ملاقات کارڈ میں دن یا وقت کی معلومات دیکھنی ہیں۔ “منگل” کے لیے کون سا ڈچ لفظ درست ہے؟","5","5","4","5"
"A0","اعداد، وقت، اور رابطے کی معلومات","a0-time-days","Tijd en dagen","3","جمعرات، جمعہ، ہفتہ، اتوار سن کر سمجھنا اور مناسب روزمرہ موقع میں درست ڈچ بات استعمال کرنا۔","honderd; ik ben achttien jaar; huisnummer veertien; bus vijftig; twintig euro; vandaag; morgen; gisteren; nu; uur; maandag; dinsdag; woensdag","donderdag — جمعرات [T✓ R✓ G✓ U✓ I✓] | vrijdag — جمعہ [T✓ R✓ G✓ U✓ I✓] | zaterdag — ہفتہ [T✓ R✓ G✓ U✓ I✓] | zondag — اتوار [T✓ R✓ G✓ U✓ I✓]","No explicit pattern card in this run","حال: ہفتے کے شیڈول اور ملاقات کارڈ میں دن یا وقت کی معلومات دیکھنی ہیں۔ “جمعرات” کے لیے کون سا ڈچ لفظ درست ہے؟ | حال: ہفتے کے شیڈول اور ملاقات کارڈ میں دن یا وقت کی معلومات دیکھنی ہیں۔ “اتوار” کے لیے کون سا ڈچ لفظ درست ہے؟ | حال: ہفتے کے شیڈول اور ملاقات کارڈ میں دن یا وقت کی معلومات دیکھنی ہیں۔ “جمعہ” کے لیے کون سا ڈچ لفظ درست ہے؟ | حال: ہفتے کے شیڈول اور ملاقات کارڈ میں دن یا وقت کی معلومات دیکھنی ہیں۔ “ہفتہ” کے لیے کون سا ڈچ لفظ درست ہے؟","5","5","4","5"
"A0","اعداد، وقت، اور رابطے کی معلومات","a0-time-days","Tijd en dagen","4","صبح، دوپہر، شام، رات سن کر سمجھنا اور مناسب روزمرہ موقع میں درست ڈچ بات استعمال کرنا۔","honderd; ik ben achttien jaar; huisnummer veertien; bus vijftig; twintig euro; vandaag; morgen; gisteren; nu; uur; maandag; dinsdag; woensdag; donderdag; vrijdag; zaterdag; zondag","ochtend — صبح [T✓ R✓ G✓ U✓ I✓] | middag — دوپہر [T✓ R✓ G✓ U✓ I✓] | avond — شام [T✓ R✓ G✓ U✓ I✓] | nacht — رات [T✓ R✓ G✓ U✓ I✓]","No explicit pattern card in this run","حال: ہفتے کے شیڈول اور ملاقات کارڈ میں دن یا وقت کی معلومات دیکھنی ہیں۔ “صبح” کے لیے کون سا ڈچ لفظ درست ہے؟ | حال: ہفتے کے شیڈول اور ملاقات کارڈ میں دن یا وقت کی معلومات دیکھنی ہیں۔ “رات” کے لیے کون سا ڈچ لفظ درست ہے؟ | حال: ہفتے کے شیڈول اور ملاقات کارڈ میں دن یا وقت کی معلومات دیکھنی ہیں۔ “دوپہر” کے لیے کون سا ڈچ لفظ درست ہے؟ | حال: ہفتے کے شیڈول اور ملاقات کارڈ میں دن یا وقت کی معلومات دیکھنی ہیں۔ “شام” کے لیے کون سا ڈچ لفظ درست ہے؟","5","5","4","5"
"A0","اعداد، وقت، اور رابطے کی معلومات","a0-time-days","Tijd en dagen","5","کتنے بجے ہیں، آٹھ بجے، میں آج کام کرتا/کرتی ہوں، میں کل آتا/آتی ہوں سن کر سمجھنا اور مناسب روزمرہ موقع میں درست ڈچ بات استعمال کرنا۔","honderd; ik ben achttien jaar; huisnummer veertien; bus vijftig; twintig euro; vandaag; morgen; gisteren; nu; uur; maandag; dinsdag; woensdag; donderdag; vrijdag; zaterdag; zondag; ochtend; middag; avond; nacht","hoe laat is het — کتنے بجے ہیں؟ [T✓ R✓ G✓ U✓ I✓] | om acht uur — آٹھ بجے [T✓ R✓ G✓ U✓ I✓] | ik werk vandaag — میں آج کام کرتا/کرتی ہوں [T✓ R✓ G✓ U✓ I✓] | ik kom morgen — میں کل آتا/آتی ہوں [T✓ R✓ G✓ U✓ I✓]","No explicit pattern card in this run","حال: ہفتے کے شیڈول اور ملاقات کارڈ میں دن یا وقت کی معلومات دیکھنی ہیں۔ کتنے بجے ہیں پوچھنے کے لیے کون سا مکمل سوال کہیں؟ | حال: ہفتے کے شیڈول اور ملاقات کارڈ میں دن یا وقت کی معلومات دیکھنی ہیں۔ “میں کل آتا/آتی ہوں” کہنا ہو تو کون سی مکمل ڈچ بات کہیں؟ | حال: ہفتے کے شیڈول اور ملاقات کارڈ میں دن یا وقت کی معلومات دیکھنی ہیں۔ “آٹھ بجے” کہنا ہو تو کون سی مکمل ڈچ بات کہیں؟ | حال: ہفتے کے شیڈول اور ملاقات کارڈ میں دن یا وقت کی معلومات دیکھنی ہیں۔ “میں آج کام کرتا/کرتی ہوں” کہنا ہو تو کون سی مکمل ڈچ بات کہیں؟","5","6","4","5"
"A0","اعداد، وقت، اور رابطے کی معلومات","a0-spelling-personal-details","Naam spellen","1","میرا نام Sara ہے، آپ کا نام کیا ہے، آپ اس کے حروف کیسے بولتے ہیں سن کر سمجھنا اور مناسب روزمرہ موقع میں درست ڈچ بات استعمال کرنا۔","nacht; hoe laat is het; om acht uur; ik werk vandaag; ik kom morgen","mijn naam is Sara — میرا نام Sara ہے [T✓ R✓ G✓ U✓ I✓] | hoe heet u? — آپ کا نام کیا ہے؟ [T✓ R✓ G✓ U✓ I✓] | hoe spelt u dat? — آپ اس کے حروف کیسے بولتے ہیں؟ [T✓ R✓ G✓ U✓ I✓]","اپنا نام مکمل طور پر بتانا: mijn naam is Sara [T✓ R✓ G✓ U✓ I✓]","حال: فون پر رجسٹریشن کرتے ہوئے نام، ہجے، اور عمر صاف بتانی یا پوچھنی ہے۔ “میرا نام Sara ہے” کہنا ہو تو کون سی مکمل ڈچ بات کہیں؟ | حال: فون پر رجسٹریشن کرتے ہوئے نام، ہجے، اور عمر صاف بتانی یا پوچھنی ہے۔ آپ اس کے حروف کیسے بولتے ہیں پوچھنے کے لیے کون سا مکمل سوال کہیں؟ | حال: فون پر رجسٹریشن کرتے ہوئے نام، ہجے، اور عمر صاف بتانی یا پوچھنی ہے۔ آپ کا نام کیا ہے پوچھنے کے لیے کون سا مکمل سوال کہیں؟","5","6","3","5"
"A0","اعداد، وقت، اور رابطے کی معلومات","a0-spelling-personal-details","Naam spellen","2","پہلا نام، خاندانی نام، حرف سن کر سمجھنا اور مناسب روزمرہ موقع میں درست ڈچ بات استعمال کرنا۔","nacht; hoe laat is het; om acht uur; ik werk vandaag; ik kom morgen; mijn naam is Sara; hoe heet u?; hoe spelt u dat?","voornaam — پہلا نام [T✓ R✓ G✓ U✓ I✓] | achternaam — خاندانی نام [T✓ R✓ G✓ U✓ I✓] | letter — حرف [T✓ R✓ G✓ U✓ I✓]","No explicit pattern card in this run","حال: فون پر رجسٹریشن کرتے ہوئے نام، ہجے، اور عمر صاف بتانی یا پوچھنی ہے۔ “پہلا نام” کے لیے کون سا ڈچ لفظ درست ہے؟ | حال: فون پر رجسٹریشن کرتے ہوئے نام، ہجے، اور عمر صاف بتانی یا پوچھنی ہے۔ “حرف” کے لیے کون سا ڈچ لفظ درست ہے؟ | حال: فون پر رجسٹریشن کرتے ہوئے نام، ہجے، اور عمر صاف بتانی یا پوچھنی ہے۔ “خاندانی نام” کے لیے کون سا ڈچ لفظ درست ہے؟","4","4","3","5"
"A0","اعداد، وقت، اور رابطے کی معلومات","a0-spelling-personal-details","Naam spellen","3","حروف الگ الگ بولنا، کیا آپ اسے دوبارہ کہہ سکتے ہیں، اسے لکھ دیں سن کر سمجھنا اور مناسب روزمرہ موقع میں درست ڈچ بات استعمال کرنا۔","nacht; hoe laat is het; om acht uur; ik werk vandaag; ik kom morgen; mijn naam is Sara; hoe heet u?; hoe spelt u dat?; voornaam; achternaam; letter","spellen — حروف الگ الگ بولنا [T✓ R✓ G✓ U✓ I✓] | kunt u dat herhalen? — کیا آپ اسے دوبارہ کہہ سکتے ہیں؟ [T✓ R✓ G✓ U✓ I✓] | schrijf het op — اسے لکھ دیں [T✓ R✓ G✓ U✓ I✓]","No explicit pattern card in this run","حال: فون پر رجسٹریشن کرتے ہوئے نام، ہجے، اور عمر صاف بتانی یا پوچھنی ہے۔ “حروف الگ الگ بولنا” کے لیے کون سا ڈچ لفظ درست ہے؟ | حال: فون پر رجسٹریشن کرتے ہوئے نام، ہجے، اور عمر صاف بتانی یا پوچھنی ہے۔ “اسے لکھ دیں” کہنا ہو تو کون سی مکمل ڈچ بات کہیں؟ | حال: فون پر رجسٹریشن کرتے ہوئے نام، ہجے، اور عمر صاف بتانی یا پوچھنی ہے۔ کیا آپ اسے دوبارہ کہہ سکتے ہیں پوچھنے کے لیے کون سا مکمل سوال کہیں؟","4","5","3","5"
"A0","اعداد، وقت، اور رابطے کی معلومات","a0-spelling-personal-details","Naam spellen","4","آہستہ، برائے مہربانی، عمر، میں تیس سال کا / کی ہوں سن کر سمجھنا اور مناسب روزمرہ موقع میں درست ڈچ بات استعمال کرنا۔","nacht; hoe laat is het; om acht uur; ik werk vandaag; ik kom morgen; mijn naam is Sara; hoe heet u?; hoe spelt u dat?; voornaam; achternaam; letter; spellen; kunt u dat herhalen?; schrijf het op","langzaam alstublieft — آہستہ، برائے مہربانی [T✓ R✓ G✓ U✓ I✓] | leeftijd — عمر [T✓ R✓ G✓ U✓ I✓] | ik ben dertig jaar — میں تیس سال کا / کی ہوں [T✓ R✓ G✓ U✓ I✓]","No explicit pattern card in this run","حال: فون پر رجسٹریشن کرتے ہوئے نام، ہجے، اور عمر صاف بتانی یا پوچھنی ہے۔ “آہستہ، برائے مہربانی” کہنا ہو تو کون سی مکمل ڈچ بات کہیں؟ | حال: فون پر رجسٹریشن کرتے ہوئے نام، ہجے، اور عمر صاف بتانی یا پوچھنی ہے۔ “میں تیس سال کا / کی ہوں” کہنا ہو تو کون سی مکمل ڈچ بات کہیں؟ | حال: فون پر رجسٹریشن کرتے ہوئے نام، ہجے، اور عمر صاف بتانی یا پوچھنی ہے۔ “عمر” کے لیے کون سا ڈچ لفظ درست ہے؟","4","5","3","5"
"A0","اعداد، وقت، اور رابطے کی معلومات","a0-address-phone","Adres en telefoonnummer","1","آپ کا پتہ کیا ہے، میں Marktstraat 12 پر رہتا / رہتی ہوں، پتہ سن کر سمجھنا اور مناسب روزمرہ موقع میں درست ڈچ بات استعمال کرنا۔","schrijf het op; langzaam alstublieft; leeftijd; ik ben dertig jaar; اپنا نام مکمل طور پر بتانا","wat is uw adres? — آپ کا پتہ کیا ہے؟ [T✓ R✓ G✓ U✓ I✓] | ik woon op Marktstraat 12 — میں Marktstraat 12 پر رہتا / رہتی ہوں [T✓ R✓ G✓ U✓ I✓] | adres — پتہ [T✓ R✓ G✓ U✓ I✓]","پتہ پوچھنا اور مکمل جواب دینا: wat is uw adres? [T✓ R✓ G✓ U✓ I✓]","حال: مرکز کے رابطہ فارم میں پتہ، گھر نمبر، جگہ، اور فون کی معلومات دینی ہیں۔ آپ کا پتہ کیا ہے پوچھنے کے لیے کون سا مکمل سوال کہیں؟ | حال: مرکز کے رابطہ فارم میں پتہ، گھر نمبر، جگہ، اور فون کی معلومات دینی ہیں۔ “پتہ” کے لیے کون سا ڈچ لفظ درست ہے؟ | حال: مرکز کے رابطہ فارم میں پتہ، گھر نمبر، جگہ، اور فون کی معلومات دینی ہیں۔ “میں Marktstraat 12 پر رہتا / رہتی ہوں” کہنا ہو تو کون سی مکمل ڈچ بات کہیں؟","5","5","3","5"
"A0","اعداد، وقت، اور رابطے کی معلومات","a0-address-phone","Adres en telefoonnummer","2","سڑک، گھر نمبر، پوسٹ کوڈ سن کر سمجھنا اور مناسب روزمرہ موقع میں درست ڈچ بات استعمال کرنا۔","schrijf het op; langzaam alstublieft; leeftijd; ik ben dertig jaar; اپنا نام مکمل طور پر بتانا; wat is uw adres?; ik woon op Marktstraat 12; adres","straat — سڑک [T✓ R✓ G✓ U✓ I✓] | huisnummer — گھر نمبر [T✓ R✓ G✓ U✓ I✓] | postcode — پوسٹ کوڈ [T✓ R✓ G✓ U✓ I✓]","No explicit pattern card in this run","حال: مرکز کے رابطہ فارم میں پتہ، گھر نمبر، جگہ، اور فون کی معلومات دینی ہیں۔ “سڑک” کے لیے کون سا ڈچ لفظ درست ہے؟ | حال: مرکز کے رابطہ فارم میں پتہ، گھر نمبر، جگہ، اور فون کی معلومات دینی ہیں۔ “پوسٹ کوڈ” کے لیے کون سا ڈچ لفظ درست ہے؟ | حال: مرکز کے رابطہ فارم میں پتہ، گھر نمبر، جگہ، اور فون کی معلومات دینی ہیں۔ “گھر نمبر” کے لیے کون سا ڈچ لفظ درست ہے؟","4","4","3","5"
"A0","اعداد، وقت، اور رابطے کی معلومات","a0-address-phone","Adres en telefoonnummer","3","رہنے کا شہر، آپ کا فون نمبر کیا ہے، میرا نمبر صفر چھ ہے سن کر سمجھنا اور مناسب روزمرہ موقع میں درست ڈچ بات استعمال کرنا۔","schrijf het op; langzaam alstublieft; leeftijd; ik ben dertig jaar; اپنا نام مکمل طور پر بتانا; wat is uw adres?; ik woon op Marktstraat 12; adres; straat; huisnummer; postcode","woonplaats — رہنے کا شہر [T✓ R✓ G✓ U✓ I✓] | wat is uw telefoonnummer? — آپ کا فون نمبر کیا ہے؟ [T✓ R✓ G✓ U✓ I✓] | mijn nummer is nul zes — میرا نمبر صفر چھ ہے [T✓ R✓ G✓ U✓ I✓]","No explicit pattern card in this run","حال: مرکز کے رابطہ فارم میں پتہ، گھر نمبر، جگہ، اور فون کی معلومات دینی ہیں۔ “رہنے کا شہر” کے لیے کون سا ڈچ لفظ درست ہے؟ | حال: مرکز کے رابطہ فارم میں پتہ، گھر نمبر، جگہ، اور فون کی معلومات دینی ہیں۔ “میرا نمبر صفر چھ ہے” کہنا ہو تو کون سی مکمل ڈچ بات کہیں؟ | حال: مرکز کے رابطہ فارم میں پتہ، گھر نمبر، جگہ، اور فون کی معلومات دینی ہیں۔ آپ کا فون نمبر کیا ہے پوچھنے کے لیے کون سا مکمل سوال کہیں؟","4","5","3","5"
"A0","اعداد، وقت، اور رابطے کی معلومات","a0-address-phone","Adres en telefoonnummer","4","فون نمبر، ای میل پتہ، میرے پاس ای میل نہیں ہے سن کر سمجھنا اور مناسب روزمرہ موقع میں درست ڈچ بات استعمال کرنا۔","schrijf het op; langzaam alstublieft; leeftijd; ik ben dertig jaar; اپنا نام مکمل طور پر بتانا; wat is uw adres?; ik woon op Marktstraat 12; adres; straat; huisnummer; postcode; woonplaats; wat is uw telefoonnummer?; mijn nummer is nul zes","telefoonnummer — فون نمبر [T✓ R✓ G✓ U✓ I✓] | e-mailadres — ای میل پتہ [T✓ R✓ G✓ U✓ I✓] | ik heb geen e-mail — میرے پاس ای میل نہیں ہے [T✓ R✓ G✓ U✓ I✓]","No explicit pattern card in this run","حال: مرکز کے رابطہ فارم میں پتہ، گھر نمبر، جگہ، اور فون کی معلومات دینی ہیں۔ “فون نمبر” کے لیے کون سا ڈچ لفظ درست ہے؟ | حال: مرکز کے رابطہ فارم میں پتہ، گھر نمبر، جگہ، اور فون کی معلومات دینی ہیں۔ “میرے پاس ای میل نہیں ہے” کہنا ہو تو کون سی مکمل ڈچ بات کہیں؟ | حال: مرکز کے رابطہ فارم میں پتہ، گھر نمبر، جگہ، اور فون کی معلومات دینی ہیں۔ “ای میل پتہ” کے لیے کون سا ڈچ لفظ درست ہے؟","4","5","3","5"
"A0","اعداد، وقت، اور رابطے کی معلومات","a0-date-appointment","Datum en afspraak","1","تاریخ، ملاقات کا وقت، آج، کل / آنے والا دن سن کر سمجھنا اور مناسب روزمرہ موقع میں درست ڈچ بات استعمال کرنا۔","mijn nummer is nul zes; telefoonnummer; e-mailadres; ik heb geen e-mail; پتہ پوچھنا اور مکمل جواب دینا; vandaag; morgen","datum — تاریخ [T✓ R✓ G✓ U✓ I✓] | afspraak — ملاقات کا وقت [T✓ R✓ G✓ U✓ I✓]","No explicit pattern card in this run","حال: استقبالی کاؤنٹر پر ملاقات کا دن، وقت، یا تبدیلی سنبھالنی ہے۔ “تاریخ” کے لیے کون سا ڈچ لفظ درست ہے؟ | حال: استقبالی کاؤنٹر پر ملاقات کا دن، وقت، یا تبدیلی سنبھالنی ہے۔ “ملاقات کا وقت” کے لیے کون سا ڈچ لفظ درست ہے؟","5","5","2","5"
"A0","اعداد، وقت، اور رابطے کی معلومات","a0-date-appointment","Datum en afspraak","2","دس بجے، وقت پر، دیر سے سن کر سمجھنا اور مناسب روزمرہ موقع میں درست ڈچ بات استعمال کرنا۔","mijn nummer is nul zes; telefoonnummer; e-mailadres; ik heb geen e-mail; پتہ پوچھنا اور مکمل جواب دینا; vandaag; morgen; datum; afspraak","om tien uur — دس بجے [T✓ R✓ G✓ U✓ I✓] | op tijd — وقت پر [T✓ R✓ G✓ U✓ I✓] | te laat — دیر سے [T✓ R✓ G✓ U✓ I✓]","No explicit pattern card in this run","حال: استقبالی کاؤنٹر پر ملاقات کا دن، وقت، یا تبدیلی سنبھالنی ہے۔ “دس بجے” کہنا ہو تو کون سی مکمل ڈچ بات کہیں؟ | حال: استقبالی کاؤنٹر پر ملاقات کا دن، وقت، یا تبدیلی سنبھالنی ہے۔ “دیر سے” کہنا ہو تو کون سی مکمل ڈچ بات کہیں؟ | حال: استقبالی کاؤنٹر پر ملاقات کا دن، وقت، یا تبدیلی سنبھالنی ہے۔ “وقت پر” کہنا ہو تو کون سی مکمل ڈچ بات کہیں؟","4","5","3","5"
"A0","اعداد، وقت، اور رابطے کی معلومات","a0-date-appointment","Datum en afspraak","3","وقت سے پہلے، میری ملاقات طے ہے، ملاقات کب ہے سن کر سمجھنا اور مناسب روزمرہ موقع میں درست ڈچ بات استعمال کرنا۔","mijn nummer is nul zes; telefoonnummer; e-mailadres; ik heb geen e-mail; پتہ پوچھنا اور مکمل جواب دینا; vandaag; morgen; datum; afspraak; om tien uur; op tijd; te laat","te vroeg — وقت سے پہلے [T✓ R✓ G✓ U✓ I✓] | ik heb een afspraak — میری ملاقات طے ہے [T✓ R✓ G✓ U✓ I✓] | wanneer is de afspraak — ملاقات کب ہے؟ [T✓ R✓ G✓ U✓ I✓]","No explicit pattern card in this run","حال: استقبالی کاؤنٹر پر ملاقات کا دن، وقت، یا تبدیلی سنبھالنی ہے۔ “وقت سے پہلے” کہنا ہو تو کون سی مکمل ڈچ بات کہیں؟ | حال: استقبالی کاؤنٹر پر ملاقات کا دن، وقت، یا تبدیلی سنبھالنی ہے۔ ملاقات کب ہے پوچھنے کے لیے کون سا مکمل سوال کہیں؟ | حال: استقبالی کاؤنٹر پر ملاقات کا دن، وقت، یا تبدیلی سنبھالنی ہے۔ “میری ملاقات طے ہے” کہنا ہو تو کون سی مکمل ڈچ بات کہیں؟","4","5","3","5"
"A0","اعداد، وقت، اور رابطے کی معلومات","a0-date-appointment","Datum en afspraak","4","میں ملاقات کا وقت بدلنا چاہتا / چاہتی ہوں، مجھے دیر ہو گئی ہے، کل دس بجے سن کر سمجھنا اور مناسب روزمرہ موقع میں درست ڈچ بات استعمال کرنا۔","mijn nummer is nul zes; telefoonnummer; e-mailadres; ik heb geen e-mail; پتہ پوچھنا اور مکمل جواب دینا; vandaag; morgen; datum; afspraak; om tien uur; op tijd; te laat; te vroeg; ik heb een afspraak; wanneer is de afspraak","ik wil de afspraak veranderen — میں ملاقات کا وقت بدلنا چاہتا / چاہتی ہوں [T✓ R✓ G✓ U✓ I✓] | ik ben te laat — مجھے دیر ہو گئی ہے [T✓ R✓ G✓ U✓ I✓] | morgen om tien uur — کل دس بجے [T✓ R✓ G✓ U✓ I✓]","No explicit pattern card in this run","حال: استقبالی کاؤنٹر پر ملاقات کا دن، وقت، یا تبدیلی سنبھالنی ہے۔ “میں ملاقات کا وقت بدلنا چاہتا / چاہتی ہوں” کہنا ہو تو کون سی مکمل ڈچ بات کہیں؟ | حال: استقبالی کاؤنٹر پر ملاقات کا دن، وقت، یا تبدیلی سنبھالنی ہے۔ “کل دس بجے” کہنا ہو تو کون سی مکمل ڈچ بات کہیں؟ | حال: استقبالی کاؤنٹر پر ملاقات کا دن، وقت، یا تبدیلی سنبھالنی ہے۔ “مجھے دیر ہو گئی ہے” کہنا ہو تو کون سی مکمل ڈچ بات کہیں؟","4","5","3","5"
"A0","جگہ، حرکت، اور گھر کی ضرورت","a0-place-1","in, op, onder","1","میں / اندر، اوپر، نیچے سن کر سمجھنا اور مناسب روزمرہ موقع میں درست ڈچ بات استعمال کرنا۔","ik heb een afspraak; wanneer is de afspraak; ik wil de afspraak veranderen; ik ben te laat; morgen om tien uur","in — میں / اندر [T✓ R✓ G✓ U✓ I✓] | op — اوپر [T✓ R✓ G✓ U✓ I✓] | onder — نیچے [T✓ R✓ G✓ U✓ I✓]","No explicit pattern card in this run","حال: گھر میں چابی یا چیز تلاش کرتے ہوئے اس کی صحیح جگہ بتانی ہے۔ “میں / اندر” کے لیے کون سا ڈچ لفظ درست ہے؟ | حال: گھر میں چابی یا چیز تلاش کرتے ہوئے اس کی صحیح جگہ بتانی ہے۔ “نیچے” کے لیے کون سا ڈچ لفظ درست ہے؟ | حال: گھر میں چابی یا چیز تلاش کرتے ہوئے اس کی صحیح جگہ بتانی ہے۔ “اوپر” کے لیے کون سا ڈچ لفظ درست ہے؟","4","4","3","5"
"A0","جگہ، حرکت، اور گھر کی ضرورت","a0-place-1","in, op, onder","2","گھر میں، میز پر، میز کے نیچے سن کر سمجھنا اور مناسب روزمرہ موقع میں درست ڈچ بات استعمال کرنا۔","ik heb een afspraak; wanneer is de afspraak; ik wil de afspraak veranderen; ik ben te laat; morgen om tien uur; in; op; onder","in huis — گھر میں [T✓ R✓ G✓ U✓ I✓] | op tafel — میز پر [T✓ R✓ G✓ U✓ I✓] | onder tafel — میز کے نیچے [T✓ R✓ G✓ U✓ I✓]","No explicit pattern card in this run","حال: گھر میں چابی یا چیز تلاش کرتے ہوئے اس کی صحیح جگہ بتانی ہے۔ “گھر میں” کہنا ہو تو کون سی مکمل ڈچ بات کہیں؟ | حال: گھر میں چابی یا چیز تلاش کرتے ہوئے اس کی صحیح جگہ بتانی ہے۔ “میز کے نیچے” کہنا ہو تو کون سی مکمل ڈچ بات کہیں؟ | حال: گھر میں چابی یا چیز تلاش کرتے ہوئے اس کی صحیح جگہ بتانی ہے۔ “میز پر” کہنا ہو تو کون سی مکمل ڈچ بات کہیں؟","4","5","3","5"
"A0","جگہ، حرکت، اور گھر کی ضرورت","a0-place-2","naast, voor, achter","1","ساتھ / پاس، سامنے، پیچھے، کے پاس سن کر سمجھنا اور مناسب روزمرہ موقع میں درست ڈچ بات استعمال کرنا۔","op; onder; in huis; op tafel; onder tafel","naast — ساتھ / پاس [T✓ R✓ G✓ U✓ I✓] | voor — سامنے [T✓ R✓ G✓ U✓ I✓] | achter — پیچھے [T✓ R✓ G✓ U✓ I✓] | bij — کے پاس [T✓ R✓ G✓ U✓ I✓]","No explicit pattern card in this run","حال: گھر میں چابی یا چیز تلاش کرتے ہوئے اس کی صحیح جگہ بتانی ہے۔ “ساتھ / پاس” کے لیے کون سا ڈچ لفظ درست ہے؟ | حال: گھر میں چابی یا چیز تلاش کرتے ہوئے اس کی صحیح جگہ بتانی ہے۔ “کے پاس” کے لیے کون سا ڈچ لفظ درست ہے؟ | حال: گھر میں چابی یا چیز تلاش کرتے ہوئے اس کی صحیح جگہ بتانی ہے۔ “سامنے” کے لیے کون سا ڈچ لفظ درست ہے؟ | حال: گھر میں چابی یا چیز تلاش کرتے ہوئے اس کی صحیح جگہ بتانی ہے۔ “پیچھے” کے لیے کون سا ڈچ لفظ درست ہے؟","5","5","4","5"
"A0","جگہ، حرکت، اور گھر کی ضرورت","a0-place-2","naast, voor, achter","2","میز کے ساتھ، گھر کے پیچھے، گھر کے سامنے سن کر سمجھنا اور مناسب روزمرہ موقع میں درست ڈچ بات استعمال کرنا۔","op; onder; in huis; op tafel; onder tafel; naast; voor; achter; bij","naast de tafel — میز کے ساتھ [T✓ R✓ G✓ U✓ I✓] | achter het huis — گھر کے پیچھے [T✓ R✓ G✓ U✓ I✓] | voor het huis — گھر کے سامنے [T✓ R✓ G✓ U✓ I✓]","No explicit pattern card in this run","حال: گھر میں چابی یا چیز تلاش کرتے ہوئے اس کی صحیح جگہ بتانی ہے۔ “میز کے ساتھ” کہنا ہو تو کون سی مکمل ڈچ بات کہیں؟ | حال: گھر میں چابی یا چیز تلاش کرتے ہوئے اس کی صحیح جگہ بتانی ہے۔ “گھر کے سامنے” کہنا ہو تو کون سی مکمل ڈچ بات کہیں؟ | حال: گھر میں چابی یا چیز تلاش کرتے ہوئے اس کی صحیح جگہ بتانی ہے۔ “گھر کے پیچھے” کہنا ہو تو کون سی مکمل ڈچ بات کہیں؟","4","5","3","5"
"A0","جگہ، حرکت، اور گھر کی ضرورت","a0-gaan-komen","gaan en komen","1","میں گھر جاتا/جاتی ہوں، میں جاتا/جاتی ہوں، وہ جاتا ہے سن کر سمجھنا اور مناسب روزمرہ موقع میں درست ڈچ بات استعمال کرنا۔","achter; bij; naast de tafel; achter het huis; voor het huis","ik ga naar huis — میں گھر جاتا/جاتی ہوں [T✓ R✓ G✓ U✓ I✓] | ik ga — میں جاتا/جاتی ہوں [T✓ R✓ G✓ U✓ I✓] | hij gaat — وہ جاتا ہے [T✓ R✓ G✓ U✓ I✓]","جانا اور آنا الگ رکھیں: ik ga naar huis [T✓ R✓ G✓ U✓ I✓]","حال: دروازے پر کسی کی آمد یا روانگی کے بارے میں مختصر بات کرنی ہے۔ “میں گھر جاتا/جاتی ہوں” کہنا ہو تو کون سی مکمل ڈچ بات کہیں؟ | حال: دروازے پر کسی کی آمد یا روانگی کے بارے میں مختصر بات کرنی ہے۔ “وہ جاتا ہے” کہنا ہو تو کون سی مکمل ڈچ بات کہیں؟ | حال: دروازے پر کسی کی آمد یا روانگی کے بارے میں مختصر بات کرنی ہے۔ “میں جاتا/جاتی ہوں” کہنا ہو تو کون سی مکمل ڈچ بات کہیں؟","5","6","3","5"
"A0","جگہ، حرکت، اور گھر کی ضرورت","a0-gaan-komen","gaan en komen","2","میں آتا/آتی ہوں، وہ آتا ہے، میں گھر آتا/آتی ہوں سن کر سمجھنا اور مناسب روزمرہ موقع میں درست ڈچ بات استعمال کرنا۔","achter; bij; naast de tafel; achter het huis; voor het huis; ik ga naar huis; ik ga; hij gaat","ik kom — میں آتا/آتی ہوں [T✓ R✓ G✓ U✓ I✓] | hij komt — وہ آتا ہے [T✓ R✓ G✓ U✓ I✓] | ik kom naar huis — میں گھر آتا/آتی ہوں [T✓ R✓ G✓ U✓ I✓]","No explicit pattern card in this run","حال: دروازے پر کسی کی آمد یا روانگی کے بارے میں مختصر بات کرنی ہے۔ “میں آتا/آتی ہوں” کہنا ہو تو کون سی مکمل ڈچ بات کہیں؟ | حال: دروازے پر کسی کی آمد یا روانگی کے بارے میں مختصر بات کرنی ہے۔ “میں گھر آتا/آتی ہوں” کہنا ہو تو کون سی مکمل ڈچ بات کہیں؟ | حال: دروازے پر کسی کی آمد یا روانگی کے بارے میں مختصر بات کرنی ہے۔ “وہ آتا ہے” کہنا ہو تو کون سی مکمل ڈچ بات کہیں؟","4","5","3","5"
"A0","جگہ، حرکت، اور گھر کی ضرورت","a0-naar-met","naar en met","1","کی طرف / کو، ساتھ، میں گھر جاتا/جاتی ہوں سن کر سمجھنا اور مناسب روزمرہ موقع میں درست ڈچ بات استعمال کرنا۔","hij gaat; ik kom; hij komt; ik kom naar huis; جانا اور آنا الگ رکھیں; ik ga naar huis","naar — کی طرف / کو [T✓ R✓ G✓ U✓ I✓] | met — ساتھ [T✓ R✓ G✓ U✓ I✓]","منزل یا ساتھ موجود شخص بتانا: ik ga naar huis [T✓ R✓ G✓ U✓ I✓]","حال: گھر یا اسکول جاتے ہوئے منزل یا ساتھ موجود شخص بتانا ہے۔ “کی طرف / کو” کے لیے کون سا ڈچ لفظ درست ہے؟ | حال: گھر یا اسکول جاتے ہوئے منزل یا ساتھ موجود شخص بتانا ہے۔ “ساتھ” کے لیے کون سا ڈچ لفظ درست ہے؟","5","5","2","5"
"A0","جگہ، حرکت، اور گھر کی ضرورت","a0-naar-met","naar en met","2","وہ اسکول جا رہی ہے، میں اپنے بچے کے ساتھ ہوں، میرے بچے کے ساتھ، گھر کی طرف سن کر سمجھنا اور مناسب روزمرہ موقع میں درست ڈچ بات استعمال کرنا۔","hij gaat; ik kom; hij komt; ik kom naar huis; جانا اور آنا الگ رکھیں; ik ga naar huis; naar; met","zij gaat naar school — وہ اسکول جا رہی ہے [T✓ R✓ G✓ U✓ I✓] | ik ben met mijn kind — میں اپنے بچے کے ساتھ ہوں [T✓ R✓ G✓ U✓ I✓] | met mijn kind — میرے بچے کے ساتھ [T✓ R✓ G✓ U✓ I✓] | naar huis — گھر کی طرف [T✓ R✓ G✓ U✓ I✓]","No explicit pattern card in this run","حال: گھر یا اسکول جاتے ہوئے منزل یا ساتھ موجود شخص بتانا ہے۔ “وہ اسکول جا رہی ہے” کہنا ہو تو کون سی مکمل ڈچ بات کہیں؟ | حال: گھر یا اسکول جاتے ہوئے منزل یا ساتھ موجود شخص بتانا ہے۔ “گھر کی طرف” کہنا ہو تو کون سی مکمل ڈچ بات کہیں؟ | حال: گھر یا اسکول جاتے ہوئے منزل یا ساتھ موجود شخص بتانا ہے۔ “میں اپنے بچے کے ساتھ ہوں” کہنا ہو تو کون سی مکمل ڈچ بات کہیں؟ | حال: گھر یا اسکول جاتے ہوئے منزل یا ساتھ موجود شخص بتانا ہے۔ “میرے بچے کے ساتھ” کہنا ہو تو کون سی مکمل ڈچ بات کہیں؟","5","6","4","5"
"A0","جگہ، حرکت، اور گھر کی ضرورت","a0-home-needs","Thuis","1","چابی، کمرہ، دروازہ، روشنی سن کر سمجھنا اور مناسب روزمرہ موقع میں درست ڈچ بات استعمال کرنا۔","zij gaat naar school; ik ben met mijn kind; met mijn kind; naar huis; منزل یا ساتھ موجود شخص بتانا; deur","sleutel — چابی [T✓ R✓ G✓ U✓ I✓] | kamer — کمرہ [T✓ R✓ G✓ U✓ I✓] | licht — روشنی [T✓ R✓ G✓ U✓ I✓]","No explicit pattern card in this run","حال: مالک یا مرمت والے کو گھر کی چیز، حالت، یا فوری خرابی واضح کرنی ہے۔ “چابی” کے لیے کون سا ڈچ لفظ درست ہے؟ | حال: مالک یا مرمت والے کو گھر کی چیز، حالت، یا فوری خرابی واضح کرنی ہے۔ “روشنی” کے لیے کون سا ڈچ لفظ درست ہے؟ | حال: مالک یا مرمت والے کو گھر کی چیز، حالت، یا فوری خرابی واضح کرنی ہے۔ “کمرہ” کے لیے کون سا ڈچ لفظ درست ہے؟","5","5","3","5"
"A0","جگہ، حرکت، اور گھر کی ضرورت","a0-home-needs","Thuis","2","ہیٹنگ، کھلا، بند، سرد سن کر سمجھنا اور مناسب روزمرہ موقع میں درست ڈچ بات استعمال کرنا۔","zij gaat naar school; ik ben met mijn kind; met mijn kind; naar huis; منزل یا ساتھ موجود شخص بتانا; deur; sleutel; kamer; licht","verwarming — ہیٹنگ [T✓ R✓ G✓ U✓ I✓] | open — کھلا [T✓ R✓ G✓ U✓ I✓] | dicht — بند [T✓ R✓ G✓ U✓ I✓] | koud — سرد [T✓ R✓ G✓ U✓ I✓]","No explicit pattern card in this run","حال: مالک یا مرمت والے کو گھر کی چیز، حالت، یا فوری خرابی واضح کرنی ہے۔ “ہیٹنگ” کے لیے کون سا ڈچ لفظ درست ہے؟ | حال: مالک یا مرمت والے کو گھر کی چیز، حالت، یا فوری خرابی واضح کرنی ہے۔ “سرد” کے لیے کون سا ڈچ لفظ درست ہے؟ | حال: مالک یا مرمت والے کو گھر کی چیز، حالت، یا فوری خرابی واضح کرنی ہے۔ “کھلا” کے لیے کون سا ڈچ لفظ درست ہے؟ | حال: مالک یا مرمت والے کو گھر کی چیز، حالت، یا فوری خرابی واضح کرنی ہے۔ “بند” کے لیے کون سا ڈچ لفظ درست ہے؟","5","5","4","5"
"A0","جگہ، حرکت، اور گھر کی ضرورت","a0-home-needs","Thuis","3","گرم، خراب / ٹوٹا ہوا، مجھے چابی چاہیے سن کر سمجھنا اور مناسب روزمرہ موقع میں درست ڈچ بات استعمال کرنا۔","zij gaat naar school; ik ben met mijn kind; met mijn kind; naar huis; منزل یا ساتھ موجود شخص بتانا; deur; sleutel; kamer; licht; verwarming; open; dicht; koud","warm — گرم [T✓ R✓ G✓ U✓ I✓] | kapot — خراب / ٹوٹا ہوا [T✓ R✓ G✓ U✓ I✓] | ik heb een sleutel nodig — مجھے چابی چاہیے [T✓ R✓ G✓ U✓ I✓]","No explicit pattern card in this run","حال: مالک یا مرمت والے کو گھر کی چیز، حالت، یا فوری خرابی واضح کرنی ہے۔ “گرم” کے لیے کون سا ڈچ لفظ درست ہے؟ | حال: مالک یا مرمت والے کو گھر کی چیز، حالت، یا فوری خرابی واضح کرنی ہے۔ “مجھے چابی چاہیے” کہنا ہو تو کون سی مکمل ڈچ بات کہیں؟ | حال: مالک یا مرمت والے کو گھر کی چیز، حالت، یا فوری خرابی واضح کرنی ہے۔ “خراب / ٹوٹا ہوا” کے لیے کون سا ڈچ لفظ درست ہے؟","4","5","3","5"
"A0","جگہ، حرکت، اور گھر کی ضرورت","a0-home-needs","Thuis","4","ہیٹنگ کام نہیں کر رہی، کمرہ سرد ہے، دروازہ بند کریں سن کر سمجھنا اور مناسب روزمرہ موقع میں درست ڈچ بات استعمال کرنا۔","zij gaat naar school; ik ben met mijn kind; met mijn kind; naar huis; منزل یا ساتھ موجود شخص بتانا; deur; sleutel; kamer; licht; verwarming; open; dicht; koud; warm; kapot; ik heb een sleutel nodig","de verwarming doet het niet — ہیٹنگ کام نہیں کر رہی [T✓ R✓ G✓ U✓ I✓] | de kamer is koud — کمرہ سرد ہے [T✓ R✓ G✓ U✓ I✓] | doe de deur dicht — دروازہ بند کریں [T✓ R✓ G✓ U✓ I✓]","No explicit pattern card in this run","حال: مالک یا مرمت والے کو گھر کی چیز، حالت، یا فوری خرابی واضح کرنی ہے۔ “ہیٹنگ کام نہیں کر رہی” کہنا ہو تو کون سی مکمل ڈچ بات کہیں؟ | حال: مالک یا مرمت والے کو گھر کی چیز، حالت، یا فوری خرابی واضح کرنی ہے۔ “دروازہ بند کریں” کہنا ہو تو کون سی مکمل ڈچ بات کہیں؟ | حال: مالک یا مرمت والے کو گھر کی چیز، حالت، یا فوری خرابی واضح کرنی ہے۔ “کمرہ سرد ہے” کہنا ہو تو کون سی مکمل ڈچ بات کہیں؟","4","5","3","5"
"A0","روزمرہ کام، کھانا، اور خریداری","a0-daily-actions","Dagelijkse acties","1","کام کرنا، کھانا، پینا، سونا سن کر سمجھنا اور مناسب روزمرہ موقع میں درست ڈچ بات استعمال کرنا۔","kapot; ik heb een sleutel nodig; de verwarming doet het niet; de kamer is koud; doe de deur dicht; ik werk vandaag","werken — کام کرنا [T✓ R✓ G✓ U✓ I✓] | eten — کھانا [T✓ R✓ G✓ U✓ I✓] | drinken — پینا [T✓ R✓ G✓ U✓ I✓] | slapen — سونا [T✓ R✓ G✓ U✓ I✓]","No explicit pattern card in this run","حال: روزمرہ شیڈول کے تصویری خانوں میں کام، کھانا، آرام، یا انتظار کی بات درج کرنی ہے۔ “کام کرنا” کے لیے کون سا ڈچ لفظ درست ہے؟ | حال: روزمرہ شیڈول کے تصویری خانوں میں کام، کھانا، آرام، یا انتظار کی بات درج کرنی ہے۔ “سونا” کے لیے کون سا ڈچ لفظ درست ہے؟ | حال: روزمرہ شیڈول کے تصویری خانوں میں کام، کھانا، آرام، یا انتظار کی بات درج کرنی ہے۔ “کھانا” کے لیے کون سا ڈچ لفظ درست ہے؟ | حال: روزمرہ شیڈول کے تصویری خانوں میں کام، کھانا، آرام، یا انتظار کی بات درج کرنی ہے۔ “پینا” کے لیے کون سا ڈچ لفظ درست ہے؟","5","5","4","5"
"A0","روزمرہ کام، کھانا، اور خریداری","a0-daily-actions","Dagelijkse acties","2","چلنا، بیٹھنا، کھڑا ہونا، انتظار کرنا سن کر سمجھنا اور مناسب روزمرہ موقع میں درست ڈچ بات استعمال کرنا۔","kapot; ik heb een sleutel nodig; de verwarming doet het niet; de kamer is koud; doe de deur dicht; ik werk vandaag; werken; eten; drinken; slapen","lopen — چلنا [T✓ R✓ G✓ U✓ I✓] | zitten — بیٹھنا [T✓ R✓ G✓ U✓ I✓] | staan — کھڑا ہونا [T✓ R✓ G✓ U✓ I✓] | wachten — انتظار کرنا [T✓ R✓ G✓ U✓ I✓]","No explicit pattern card in this run","حال: روزمرہ شیڈول کے تصویری خانوں میں کام، کھانا، آرام، یا انتظار کی بات درج کرنی ہے۔ “چلنا” کے لیے کون سا ڈچ لفظ درست ہے؟ | حال: روزمرہ شیڈول کے تصویری خانوں میں کام، کھانا، آرام، یا انتظار کی بات درج کرنی ہے۔ “انتظار کرنا” کے لیے کون سا ڈچ لفظ درست ہے؟ | حال: روزمرہ شیڈول کے تصویری خانوں میں کام، کھانا، آرام، یا انتظار کی بات درج کرنی ہے۔ “بیٹھنا” کے لیے کون سا ڈچ لفظ درست ہے؟ | حال: روزمرہ شیڈول کے تصویری خانوں میں کام، کھانا، آرام، یا انتظار کی بات درج کرنی ہے۔ “کھڑا ہونا” کے لیے کون سا ڈچ لفظ درست ہے؟","5","5","4","5"
"A0","روزمرہ کام، کھانا، اور خریداری","a0-daily-actions","Dagelijkse acties","3","پڑھنا، لکھنا، میں آج کام کرتا/کرتی ہوں سن کر سمجھنا اور مناسب روزمرہ موقع میں درست ڈچ بات استعمال کرنا۔","kapot; ik heb een sleutel nodig; de verwarming doet het niet; de kamer is koud; doe de deur dicht; ik werk vandaag; werken; eten; drinken; slapen; lopen; zitten; staan; wachten","lezen — پڑھنا [T✓ R✓ G✓ U✓ I✓] | schrijven — لکھنا [T✓ R✓ G✓ U✓ I✓]","No explicit pattern card in this run","حال: روزمرہ شیڈول کے تصویری خانوں میں کام، کھانا، آرام، یا انتظار کی بات درج کرنی ہے۔ “پڑھنا” کے لیے کون سا ڈچ لفظ درست ہے؟ | حال: روزمرہ شیڈول کے تصویری خانوں میں کام، کھانا، آرام، یا انتظار کی بات درج کرنی ہے۔ “لکھنا” کے لیے کون سا ڈچ لفظ درست ہے؟","4","4","2","5"
"A0","روزمرہ کام، کھانا، اور خریداری","a0-daily-actions","Dagelijkse acties","4","میں یہاں انتظار کرتا/کرتی ہوں، میں پانی پیتا/پیتی ہوں، میں روٹی کھاتا/کھاتی ہوں سن کر سمجھنا اور مناسب روزمرہ موقع میں درست ڈچ بات استعمال کرنا۔","kapot; ik heb een sleutel nodig; de verwarming doet het niet; de kamer is koud; doe de deur dicht; ik werk vandaag; werken; eten; drinken; slapen; lopen; zitten; staan; wachten; lezen; schrijven","ik wacht hier — میں یہاں انتظار کرتا/کرتی ہوں [T✓ R✓ G✓ U✓ I✓] | ik drink water — میں پانی پیتا/پیتی ہوں [T✓ R✓ G✓ U✓ I✓] | ik eet brood — میں روٹی کھاتا/کھاتی ہوں [T✓ R✓ G✓ U✓ I✓]","No explicit pattern card in this run","حال: روزمرہ شیڈول کے تصویری خانوں میں کام، کھانا، آرام، یا انتظار کی بات درج کرنی ہے۔ “میں یہاں انتظار کرتا/کرتی ہوں” کہنا ہو تو کون سی مکمل ڈچ بات کہیں؟ | حال: روزمرہ شیڈول کے تصویری خانوں میں کام، کھانا، آرام، یا انتظار کی بات درج کرنی ہے۔ “میں روٹی کھاتا/کھاتی ہوں” کہنا ہو تو کون سی مکمل ڈچ بات کہیں؟ | حال: روزمرہ شیڈول کے تصویری خانوں میں کام، کھانا، آرام، یا انتظار کی بات درج کرنی ہے۔ “میں پانی پیتا/پیتی ہوں” کہنا ہو تو کون سی مکمل ڈچ بات کہیں؟","4","5","3","5"
"A0","روزمرہ کام، کھانا، اور خریداری","a0-food-drink","Eten en drinken","1","پانی، روٹی، چاول، دودھ سن کر سمجھنا اور مناسب روزمرہ موقع میں درست ڈچ بات استعمال کرنا۔","schrijven; ik werk vandaag; ik wacht hier; ik drink water; ik eet brood; water; rijst","brood — روٹی [T✓ R✓ G✓ U✓ I✓] | melk — دودھ [T✓ R✓ G✓ U✓ I✓]","No explicit pattern card in this run","حال: کیفے یا گھر کی کھانے پینے کی فہرست میں ضرورت یا پسند بتانی ہے۔ “روٹی” کے لیے کون سا ڈچ لفظ درست ہے؟ | حال: کیفے یا گھر کی کھانے پینے کی فہرست میں ضرورت یا پسند بتانی ہے۔ “دودھ” کے لیے کون سا ڈچ لفظ درست ہے؟","5","5","2","5"
"A0","روزمرہ کام، کھانا، اور خریداری","a0-food-drink","Eten en drinken","2","کافی، چائے، پھل، سبزیاں سن کر سمجھنا اور مناسب روزمرہ موقع میں درست ڈچ بات استعمال کرنا۔","schrijven; ik werk vandaag; ik wacht hier; ik drink water; ik eet brood; water; rijst; brood; melk","koffie — کافی [T✓ R✓ G✓ U✓ I✓] | thee — چائے [T✓ R✓ G✓ U✓ I✓] | fruit — پھل [T✓ R✓ G✓ U✓ I✓] | groente — سبزیاں [T✓ R✓ G✓ U✓ I✓]","No explicit pattern card in this run","حال: کیفے یا گھر کی کھانے پینے کی فہرست میں ضرورت یا پسند بتانی ہے۔ “کافی” کے لیے کون سا ڈچ لفظ درست ہے؟ | حال: کیفے یا گھر کی کھانے پینے کی فہرست میں ضرورت یا پسند بتانی ہے۔ “سبزیاں” کے لیے کون سا ڈچ لفظ درست ہے؟ | حال: کیفے یا گھر کی کھانے پینے کی فہرست میں ضرورت یا پسند بتانی ہے۔ “چائے” کے لیے کون سا ڈچ لفظ درست ہے؟ | حال: کیفے یا گھر کی کھانے پینے کی فہرست میں ضرورت یا پسند بتانی ہے۔ “پھل” کے لیے کون سا ڈچ لفظ درست ہے؟","5","5","4","5"
"A0","روزمرہ کام، کھانا، اور خریداری","a0-food-drink","Eten en drinken","3","بھوک، پیاس، مجھے پانی چاہیے سن کر سمجھنا اور مناسب روزمرہ موقع میں درست ڈچ بات استعمال کرنا۔","schrijven; ik werk vandaag; ik wacht hier; ik drink water; ik eet brood; water; rijst; brood; melk; koffie; thee; fruit; groente","honger — بھوک [T✓ R✓ G✓ U✓ I✓] | dorst — پیاس [T✓ R✓ G✓ U✓ I✓] | ik wil graag water — مجھے پانی چاہیے [T✓ R✓ G✓ U✓ I✓]","No explicit pattern card in this run","حال: کیفے یا گھر کی کھانے پینے کی فہرست میں ضرورت یا پسند بتانی ہے۔ “بھوک” کے لیے کون سا ڈچ لفظ درست ہے؟ | حال: کیفے یا گھر کی کھانے پینے کی فہرست میں ضرورت یا پسند بتانی ہے۔ “مجھے پانی چاہیے” کہنا ہو تو کون سی مکمل ڈچ بات کہیں؟ | حال: کیفے یا گھر کی کھانے پینے کی فہرست میں ضرورت یا پسند بتانی ہے۔ “پیاس” کے لیے کون سا ڈچ لفظ درست ہے؟","4","5","3","5"
"A0","روزمرہ کام، کھانا، اور خریداری","a0-food-drink","Eten en drinken","4","مجھے کافی چاہیے، مجھے بھوک ہے، مجھے پیاس ہے سن کر سمجھنا اور مناسب روزمرہ موقع میں درست ڈچ بات استعمال کرنا۔","schrijven; ik werk vandaag; ik wacht hier; ik drink water; ik eet brood; water; rijst; brood; melk; koffie; thee; fruit; groente; honger; dorst; ik wil graag water","ik wil graag koffie — مجھے کافی چاہیے [T✓ R✓ G✓ U✓ I✓] | ik heb honger — مجھے بھوک ہے [T✓ R✓ G✓ U✓ I✓] | ik heb dorst — مجھے پیاس ہے [T✓ R✓ G✓ U✓ I✓]","No explicit pattern card in this run","حال: کیفے یا گھر کی کھانے پینے کی فہرست میں ضرورت یا پسند بتانی ہے۔ “مجھے کافی چاہیے” کہنا ہو تو کون سی مکمل ڈچ بات کہیں؟ | حال: کیفے یا گھر کی کھانے پینے کی فہرست میں ضرورت یا پسند بتانی ہے۔ “مجھے پیاس ہے” کہنا ہو تو کون سی مکمل ڈچ بات کہیں؟ | حال: کیفے یا گھر کی کھانے پینے کی فہرست میں ضرورت یا پسند بتانی ہے۔ “مجھے بھوک ہے” کہنا ہو تو کون سی مکمل ڈچ بات کہیں؟","4","5","3","5"
"A0","روزمرہ کام، کھانا، اور خریداری","a0-shopping-payment","Winkel en betalen","1","دکان، سپر مارکیٹ، قیمت، کیش کاؤنٹر سن کر سمجھنا اور مناسب روزمرہ موقع میں درست ڈچ بات استعمال کرنا۔","dorst; ik wil graag water; ik wil graag koffie; ik heb honger; ik heb dorst","winkel — دکان [T✓ R✓ G✓ U✓ I✓] | supermarkt — سپر مارکیٹ [T✓ R✓ G✓ U✓ I✓] | prijs — قیمت [T✓ R✓ G✓ U✓ I✓] | kassa — کیش کاؤنٹر [T✓ R✓ G✓ U✓ I✓]","No explicit pattern card in this run","حال: دکان میں چیز، قیمت، کاؤنٹر، ادائیگی، یا رسید کے بارے میں بات کرنی ہے۔ “دکان” کے لیے کون سا ڈچ لفظ درست ہے؟ | حال: دکان میں چیز، قیمت، کاؤنٹر، ادائیگی، یا رسید کے بارے میں بات کرنی ہے۔ “کیش کاؤنٹر” کے لیے کون سا ڈچ لفظ درست ہے؟ | حال: دکان میں چیز، قیمت، کاؤنٹر، ادائیگی، یا رسید کے بارے میں بات کرنی ہے۔ “سپر مارکیٹ” کے لیے کون سا ڈچ لفظ درست ہے؟ | حال: دکان میں چیز، قیمت، کاؤنٹر، ادائیگی، یا رسید کے بارے میں بات کرنی ہے۔ “قیمت” کے لیے کون سا ڈچ لفظ درست ہے؟","9","5","4","5"
"A0","روزمرہ کام، کھانا، اور خریداری","a0-shopping-payment","Winkel en betalen","2","رسید، نقد / کیش، کارڈ سے ادائیگی کرنا، ادائیگی کرنا سن کر سمجھنا اور مناسب روزمرہ موقع میں درست ڈچ بات استعمال کرنا۔","dorst; ik wil graag water; ik wil graag koffie; ik heb honger; ik heb dorst; winkel; supermarkt; prijs; kassa","bon — رسید [T✓ R✓ G✓ U✓ I✓] | contant — نقد / کیش [T✓ R✓ G✓ U✓ I✓] | pinnen — کارڈ سے ادائیگی کرنا [T✓ R✓ G✓ U✓ I✓] | betalen — ادائیگی کرنا [T✓ R✓ G✓ U✓ I✓]","No explicit pattern card in this run","حال: دکان میں چیز، قیمت، کاؤنٹر، ادائیگی، یا رسید کے بارے میں بات کرنی ہے۔ “رسید” کے لیے کون سا ڈچ لفظ درست ہے؟ | حال: دکان میں چیز، قیمت، کاؤنٹر، ادائیگی، یا رسید کے بارے میں بات کرنی ہے۔ “ادائیگی کرنا” کے لیے کون سا ڈچ لفظ درست ہے؟ | حال: دکان میں چیز، قیمت، کاؤنٹر، ادائیگی، یا رسید کے بارے میں بات کرنی ہے۔ “نقد / کیش” کے لیے کون سا ڈچ لفظ درست ہے؟ | حال: دکان میں چیز، قیمت، کاؤنٹر، ادائیگی، یا رسید کے بارے میں بات کرنی ہے۔ “کارڈ سے ادائیگی کرنا” کے لیے کون سا ڈچ لفظ درست ہے؟","7","5","4","5"
"A0","روزمرہ کام، کھانا، اور خریداری","a0-shopping-payment","Winkel en betalen","3","سستا، مہنگا، یہ کتنے کا ہے سن کر سمجھنا اور مناسب روزمرہ موقع میں درست ڈچ بات استعمال کرنا۔","dorst; ik wil graag water; ik wil graag koffie; ik heb honger; ik heb dorst; winkel; supermarkt; prijs; kassa; bon; contant; pinnen; betalen","goedkoop — سستا [T✓ R✓ G✓ U✓ I✓] | duur — مہنگا [T✓ R✓ G✓ U✓ I✓] | hoeveel kost dit — یہ کتنے کا ہے؟ [T✓ R✓ G✓ U✓ I✓]","No explicit pattern card in this run","حال: دکان میں چیز، قیمت، کاؤنٹر، ادائیگی، یا رسید کے بارے میں بات کرنی ہے۔ “سستا” کے لیے کون سا ڈچ لفظ درست ہے؟ | حال: دکان میں چیز، قیمت، کاؤنٹر، ادائیگی، یا رسید کے بارے میں بات کرنی ہے۔ یہ کتنے کا ہے پوچھنے کے لیے کون سا مکمل سوال کہیں؟ | حال: دکان میں چیز، قیمت، کاؤنٹر، ادائیگی، یا رسید کے بارے میں بات کرنی ہے۔ “مہنگا” کے لیے کون سا ڈچ لفظ درست ہے؟","4","5","3","5"
"A0","روزمرہ کام، کھانا، اور خریداری","a0-shopping-payment","Winkel en betalen","4","مجھے یہ چاہیے، میں کارڈ سے ادائیگی کرتا/کرتی ہوں، رسید مل سکتی ہے سن کر سمجھنا اور مناسب روزمرہ موقع میں درست ڈچ بات استعمال کرنا۔","dorst; ik wil graag water; ik wil graag koffie; ik heb honger; ik heb dorst; winkel; supermarkt; prijs; kassa; bon; contant; pinnen; betalen; goedkoop; duur; hoeveel kost dit","ik wil dit — مجھے یہ چاہیے [T✓ R✓ G✓ U✓ I✓] | ik betaal met pin — میں کارڈ سے ادائیگی کرتا/کرتی ہوں [T✓ R✓ G✓ U✓ I✓] | mag ik de bon — رسید مل سکتی ہے؟ [T✓ R✓ G✓ U✓ I✓]","No explicit pattern card in this run","حال: دکان میں چیز، قیمت، کاؤنٹر، ادائیگی، یا رسید کے بارے میں بات کرنی ہے۔ “مجھے یہ چاہیے” کہنا ہو تو کون سی مکمل ڈچ بات کہیں؟ | حال: دکان میں چیز، قیمت، کاؤنٹر، ادائیگی، یا رسید کے بارے میں بات کرنی ہے۔ رسید مل سکتی ہے پوچھنے کے لیے کون سا مکمل سوال کہیں؟ | حال: دکان میں چیز، قیمت، کاؤنٹر، ادائیگی، یا رسید کے بارے میں بات کرنی ہے۔ “میں کارڈ سے ادائیگی کرتا/کرتی ہوں” کہنا ہو تو کون سی مکمل ڈچ بات کہیں؟","4","5","3","5"
"A0","سفر، راستہ، اور فوری صحت کی مدد","a0-transport-directions","Reizen en richting","1","بس، ٹرین، اسٹیشن، بس اسٹاپ سن کر سمجھنا اور مناسب روزمرہ موقع میں درست ڈچ بات استعمال کرنا۔","duur; hoeveel kost dit; ik wil dit; ik betaal met pin; mag ik de bon; waar is het toilet","bus — بس [T✓ R✓ G✓ U✓ I✓] | trein — ٹرین [T✓ R✓ G✓ U✓ I✓] | station — اسٹیشن [T✓ R✓ G✓ U✓ I✓] | halte — بس اسٹاپ [T✓ R✓ G✓ U✓ I✓]","No explicit pattern card in this run","حال: اسٹیشن پر سفر، ٹکٹ، نشان، یا راستے کی فوری معلومات لینی ہیں۔ “بس” کے لیے کون سا ڈچ لفظ درست ہے؟ | حال: اسٹیشن پر سفر، ٹکٹ، نشان، یا راستے کی فوری معلومات لینی ہیں۔ “بس اسٹاپ” کے لیے کون سا ڈچ لفظ درست ہے؟ | حال: اسٹیشن پر سفر، ٹکٹ، نشان، یا راستے کی فوری معلومات لینی ہیں۔ “ٹرین” کے لیے کون سا ڈچ لفظ درست ہے؟ | حال: اسٹیشن پر سفر، ٹکٹ، نشان، یا راستے کی فوری معلومات لینی ہیں۔ “اسٹیشن” کے لیے کون سا ڈچ لفظ درست ہے؟","5","5","4","5"
"A0","سفر، راستہ، اور فوری صحت کی مدد","a0-transport-directions","Reizen en richting","2","ٹکٹ، بائیں، دائیں، سیدھا سن کر سمجھنا اور مناسب روزمرہ موقع میں درست ڈچ بات استعمال کرنا۔","duur; hoeveel kost dit; ik wil dit; ik betaal met pin; mag ik de bon; waar is het toilet; bus; trein; station; halte","kaartje — ٹکٹ [T✓ R✓ G✓ U✓ I✓] | links — بائیں [T✓ R✓ G✓ U✓ I✓] | rechts — دائیں [T✓ R✓ G✓ U✓ I✓] | rechtdoor — سیدھا [T✓ R✓ G✓ U✓ I✓]","No explicit pattern card in this run","حال: اسٹیشن پر سفر، ٹکٹ، نشان، یا راستے کی فوری معلومات لینی ہیں۔ “ٹکٹ” کے لیے کون سا ڈچ لفظ درست ہے؟ | حال: اسٹیشن پر سفر، ٹکٹ، نشان، یا راستے کی فوری معلومات لینی ہیں۔ “سیدھا” کے لیے کون سا ڈچ لفظ درست ہے؟ | حال: اسٹیشن پر سفر، ٹکٹ، نشان، یا راستے کی فوری معلومات لینی ہیں۔ “بائیں” کے لیے کون سا ڈچ لفظ درست ہے؟ | حال: اسٹیشن پر سفر، ٹکٹ، نشان، یا راستے کی فوری معلومات لینی ہیں۔ “دائیں” کے لیے کون سا ڈچ لفظ درست ہے؟","5","5","4","5"
"A0","سفر، راستہ، اور فوری صحت کی مدد","a0-transport-directions","Reizen en richting","3","ٹوائلٹ، داخلہ، خروج / باہر جانے کا راستہ، اسٹیشن کہاں ہے سن کر سمجھنا اور مناسب روزمرہ موقع میں درست ڈچ بات استعمال کرنا۔","duur; hoeveel kost dit; ik wil dit; ik betaal met pin; mag ik de bon; waar is het toilet; bus; trein; station; halte; kaartje; links; rechts; rechtdoor","toilet — ٹوائلٹ [T✓ R✓ G✓ U✓ I✓] | ingang — داخلہ [T✓ R✓ G✓ U✓ I✓] | uitgang — خروج / باہر جانے کا راستہ [T✓ R✓ G✓ U✓ I✓] | waar is het station — اسٹیشن کہاں ہے؟ [T✓ R✓ G✓ U✓ I✓]","No explicit pattern card in this run","حال: اسٹیشن پر سفر، ٹکٹ، نشان، یا راستے کی فوری معلومات لینی ہیں۔ “ٹوائلٹ” کے لیے کون سا ڈچ لفظ درست ہے؟ | حال: اسٹیشن پر سفر، ٹکٹ، نشان، یا راستے کی فوری معلومات لینی ہیں۔ اسٹیشن کہاں ہے پوچھنے کے لیے کون سا مکمل سوال کہیں؟ | حال: اسٹیشن پر سفر، ٹکٹ، نشان، یا راستے کی فوری معلومات لینی ہیں۔ “داخلہ” کے لیے کون سا ڈچ لفظ درست ہے؟ | حال: اسٹیشن پر سفر، ٹکٹ، نشان، یا راستے کی فوری معلومات لینی ہیں۔ “خروج / باہر جانے کا راستہ” کے لیے کون سا ڈچ لفظ درست ہے؟","5","6","4","5"
"A0","سفر، راستہ، اور فوری صحت کی مدد","a0-transport-directions","Reizen en richting","4","مجھے ایک ٹکٹ چاہیے، سیدھا جائیں، ٹوائلٹ کہاں ہے سن کر سمجھنا اور مناسب روزمرہ موقع میں درست ڈچ بات استعمال کرنا۔","duur; hoeveel kost dit; ik wil dit; ik betaal met pin; mag ik de bon; waar is het toilet; bus; trein; station; halte; kaartje; links; rechts; rechtdoor; toilet; ingang; uitgang; waar is het station","ik wil een kaartje — مجھے ایک ٹکٹ چاہیے [T✓ R✓ G✓ U✓ I✓] | ga rechtdoor — سیدھا جائیں [T✓ R✓ G✓ U✓ I✓]","No explicit pattern card in this run","حال: اسٹیشن پر سفر، ٹکٹ، نشان، یا راستے کی فوری معلومات لینی ہیں۔ “مجھے ایک ٹکٹ چاہیے” کہنا ہو تو کون سی مکمل ڈچ بات کہیں؟ | حال: اسٹیشن پر سفر، ٹکٹ، نشان، یا راستے کی فوری معلومات لینی ہیں۔ “سیدھا جائیں” کہنا ہو تو کون سی مکمل ڈچ بات کہیں؟","4","5","2","5"
"A0","سفر، راستہ، اور فوری صحت کی مدد","a0-health-emergency","Gezondheid en nood","1","بیمار، درد، ڈاکٹر، فارمیسی سن کر سمجھنا اور مناسب روزمرہ موقع میں درست ڈچ بات استعمال کرنا۔","uitgang; waar is het station; ik wil een kaartje; ga rechtdoor; waar is het toilet","ziek — بیمار [T✓ R✓ G✓ U✓ I✓] | pijn — درد [T✓ R✓ G✓ U✓ I✓] | dokter — ڈاکٹر [T✓ R✓ G✓ U✓ I✓] | apotheek — فارمیسی [T✓ R✓ G✓ U✓ I✓]","No explicit pattern card in this run","حال: ڈاکٹر، فارمیسی، یا ہنگامی فون پر علامت، جگہ، یا فوری مدد بتانی ہے۔ “بیمار” کے لیے کون سا ڈچ لفظ درست ہے؟ | حال: ڈاکٹر، فارمیسی، یا ہنگامی فون پر علامت، جگہ، یا فوری مدد بتانی ہے۔ “فارمیسی” کے لیے کون سا ڈچ لفظ درست ہے؟ | حال: ڈاکٹر، فارمیسی، یا ہنگامی فون پر علامت، جگہ، یا فوری مدد بتانی ہے۔ “درد” کے لیے کون سا ڈچ لفظ درست ہے؟ | حال: ڈاکٹر، فارمیسی، یا ہنگامی فون پر علامت، جگہ، یا فوری مدد بتانی ہے۔ “ڈاکٹر” کے لیے کون سا ڈچ لفظ درست ہے؟","9","5","4","5"
"A0","سفر، راستہ، اور فوری صحت کی مدد","a0-health-emergency","Gezondheid en nood","2","دوا، ہسپتال، ایمبولینس، سر درد سن کر سمجھنا اور مناسب روزمرہ موقع میں درست ڈچ بات استعمال کرنا۔","uitgang; waar is het station; ik wil een kaartje; ga rechtdoor; waar is het toilet; ziek; pijn; dokter; apotheek","medicijn — دوا [T✓ R✓ G✓ U✓ I✓] | ziekenhuis — ہسپتال [T✓ R✓ G✓ U✓ I✓] | ambulance — ایمبولینس [T✓ R✓ G✓ U✓ I✓] | hoofdpijn — سر درد [T✓ R✓ G✓ U✓ I✓]","No explicit pattern card in this run","حال: ڈاکٹر، فارمیسی، یا ہنگامی فون پر علامت، جگہ، یا فوری مدد بتانی ہے۔ “دوا” کے لیے کون سا ڈچ لفظ درست ہے؟ | حال: ڈاکٹر، فارمیسی، یا ہنگامی فون پر علامت، جگہ، یا فوری مدد بتانی ہے۔ “سر درد” کے لیے کون سا ڈچ لفظ درست ہے؟ | حال: ڈاکٹر، فارمیسی، یا ہنگامی فون پر علامت، جگہ، یا فوری مدد بتانی ہے۔ “ہسپتال” کے لیے کون سا ڈچ لفظ درست ہے؟ | حال: ڈاکٹر، فارمیسی، یا ہنگامی فون پر علامت، جگہ، یا فوری مدد بتانی ہے۔ “ایمبولینس” کے لیے کون سا ڈچ لفظ درست ہے؟","8","5","4","5"
"A0","سفر، راستہ، اور فوری صحت کی مدد","a0-health-emergency","Gezondheid en nood","3","پیٹ درد، مدد، 112 پر فون کریں، مجھے درد ہے سن کر سمجھنا اور مناسب روزمرہ موقع میں درست ڈچ بات استعمال کرنا۔","uitgang; waar is het station; ik wil een kaartje; ga rechtdoor; waar is het toilet; ziek; pijn; dokter; apotheek; medicijn; ziekenhuis; ambulance; hoofdpijn","buikpijn — پیٹ درد [T✓ R✓ G✓ U✓ I✓] | hulp — مدد [T✓ R✓ G✓ U✓ I✓] | bel 112 — 112 پر فون کریں [T✓ R✓ G✓ U✓ I✓] | ik heb pijn — مجھے درد ہے [T✓ R✓ G✓ U✓ I✓]","No explicit pattern card in this run","حال: ڈاکٹر، فارمیسی، یا ہنگامی فون پر علامت، جگہ، یا فوری مدد بتانی ہے۔ “پیٹ درد” کے لیے کون سا ڈچ لفظ درست ہے؟ | حال: ڈاکٹر، فارمیسی، یا ہنگامی فون پر علامت، جگہ، یا فوری مدد بتانی ہے۔ “مجھے درد ہے” کہنا ہو تو کون سی مکمل ڈچ بات کہیں؟ | حال: ڈاکٹر، فارمیسی، یا ہنگامی فون پر علامت، جگہ، یا فوری مدد بتانی ہے۔ “مدد” کے لیے کون سا ڈچ لفظ درست ہے؟ | حال: ڈاکٹر، فارمیسی، یا ہنگامی فون پر علامت، جگہ، یا فوری مدد بتانی ہے۔ “112 پر فون کریں” کہنا ہو تو کون سی مکمل ڈچ بات کہیں؟","7","6","4","5"
"A0","سفر، راستہ، اور فوری صحت کی مدد","a0-health-emergency","Gezondheid en nood","4","میں بیمار ہوں، فارمیسی کہاں ہے، مجھے ایمبولینس چاہیے سن کر سمجھنا اور مناسب روزمرہ موقع میں درست ڈچ بات استعمال کرنا۔","uitgang; waar is het station; ik wil een kaartje; ga rechtdoor; waar is het toilet; ziek; pijn; dokter; apotheek; medicijn; ziekenhuis; ambulance; hoofdpijn; buikpijn; hulp; bel 112; ik heb pijn","ik ben ziek — میں بیمار ہوں [T✓ R✓ G✓ U✓ I✓] | waar is de apotheek — فارمیسی کہاں ہے؟ [T✓ R✓ G✓ U✓ I✓] | ik heb een ambulance nodig — مجھے ایمبولینس چاہیے [T✓ R✓ G✓ U✓ I✓]","No explicit pattern card in this run","حال: ڈاکٹر، فارمیسی، یا ہنگامی فون پر علامت، جگہ، یا فوری مدد بتانی ہے۔ “میں بیمار ہوں” کہنا ہو تو کون سی مکمل ڈچ بات کہیں؟ | حال: ڈاکٹر، فارمیسی، یا ہنگامی فون پر علامت، جگہ، یا فوری مدد بتانی ہے۔ “مجھے ایمبولینس چاہیے” کہنا ہو تو کون سی مکمل ڈچ بات کہیں؟ | حال: ڈاکٹر، فارمیسی، یا ہنگامی فون پر علامت، جگہ، یا فوری مدد بتانی ہے۔ فارمیسی کہاں ہے پوچھنے کے لیے کون سا مکمل سوال کہیں؟","5","5","3","5"
"A0","اسکول، کام، موسم، اور حفاظت","a0-child-school","Kind en school","1","بچہ، اسکول، استاد، جماعت سن کر سمجھنا اور مناسب روزمرہ موقع میں درست ڈچ بات استعمال کرنا۔","bel 112; ik heb pijn; ik ben ziek; waar is de apotheek; ik heb een ambulance nodig; kind; ziek; vandaag","school — اسکول [T✓ R✓ G✓ U✓ I✓] | docent — استاد [T✓ R✓ G✓ U✓ I✓] | klas — جماعت [T✓ R✓ G✓ U✓ I✓]","No explicit pattern card in this run","حال: صبح اسکول کو بچے، جماعت، وقت، یا غیر حاضری کی اطلاع دینی ہے۔ “اسکول” کے لیے کون سا ڈچ لفظ درست ہے؟ | حال: صبح اسکول کو بچے، جماعت، وقت، یا غیر حاضری کی اطلاع دینی ہے۔ “جماعت” کے لیے کون سا ڈچ لفظ درست ہے؟ | حال: صبح اسکول کو بچے، جماعت، وقت، یا غیر حاضری کی اطلاع دینی ہے۔ “استاد” کے لیے کون سا ڈچ لفظ درست ہے؟","7","5","3","5"
"A0","اسکول، کام، موسم، اور حفاظت","a0-child-school","Kind en school","2","لانا / چھوڑنا، لینے جانا، غیر حاضر، بیمار سن کر سمجھنا اور مناسب روزمرہ موقع میں درست ڈچ بات استعمال کرنا۔","bel 112; ik heb pijn; ik ben ziek; waar is de apotheek; ik heb een ambulance nodig; kind; ziek; vandaag; school; docent; klas","brengen — لانا / چھوڑنا [T✓ R✓ G✓ U✓ I✓] | ophalen — لینے جانا [T✓ R✓ G✓ U✓ I✓] | afwezig — غیر حاضر [T✓ R✓ G✓ U✓ I✓]","No explicit pattern card in this run","حال: صبح اسکول کو بچے، جماعت، وقت، یا غیر حاضری کی اطلاع دینی ہے۔ “لانا / چھوڑنا” کے لیے کون سا ڈچ لفظ درست ہے؟ | حال: صبح اسکول کو بچے، جماعت، وقت، یا غیر حاضری کی اطلاع دینی ہے۔ “غیر حاضر” کے لیے کون سا ڈچ لفظ درست ہے؟ | حال: صبح اسکول کو بچے، جماعت، وقت، یا غیر حاضری کی اطلاع دینی ہے۔ “لینے جانا” کے لیے کون سا ڈچ لفظ درست ہے؟","6","5","3","5"
"A0","اسکول، کام، موسم، اور حفاظت","a0-child-school","Kind en school","3","آج، اسکول کا وقت، میرا بچہ بیمار ہے سن کر سمجھنا اور مناسب روزمرہ موقع میں درست ڈچ بات استعمال کرنا۔","bel 112; ik heb pijn; ik ben ziek; waar is de apotheek; ik heb een ambulance nodig; kind; ziek; vandaag; school; docent; klas; brengen; ophalen; afwezig","schooltijd — اسکول کا وقت [T✓ R✓ G✓ U✓ I✓] | mijn kind is ziek — میرا بچہ بیمار ہے [T✓ R✓ G✓ U✓ I✓]","No explicit pattern card in this run","حال: صبح اسکول کو بچے، جماعت، وقت، یا غیر حاضری کی اطلاع دینی ہے۔ “اسکول کا وقت” کے لیے کون سا ڈچ لفظ درست ہے؟ | حال: صبح اسکول کو بچے، جماعت، وقت، یا غیر حاضری کی اطلاع دینی ہے۔ “میرا بچہ بیمار ہے” کہنا ہو تو کون سی مکمل ڈچ بات کہیں؟","5","5","2","5"
"A0","اسکول، کام، موسم، اور حفاظت","a0-child-school","Kind en school","4","میرا بچہ آج نہیں آئے گا، میں اپنے بچے کو اسکول چھوڑتا / چھوڑتی ہوں، میں اپنے بچے کو تین بجے لینے آتا / آتی ہوں سن کر سمجھنا اور مناسب روزمرہ موقع میں درست ڈچ بات استعمال کرنا۔","bel 112; ik heb pijn; ik ben ziek; waar is de apotheek; ik heb een ambulance nodig; kind; ziek; vandaag; school; docent; klas; brengen; ophalen; afwezig; schooltijd; mijn kind is ziek","mijn kind komt vandaag niet — میرا بچہ آج نہیں آئے گا [T✓ R✓ G✓ U✓ I✓] | ik breng mijn kind naar school — میں اپنے بچے کو اسکول چھوڑتا / چھوڑتی ہوں [T✓ R✓ G✓ U✓ I✓] | ik haal mijn kind om drie uur op — میں اپنے بچے کو تین بجے لینے آتا / آتی ہوں [T✓ R✓ G✓ U✓ I✓]","No explicit pattern card in this run","حال: صبح اسکول کو بچے، جماعت، وقت، یا غیر حاضری کی اطلاع دینی ہے۔ “میرا بچہ آج نہیں آئے گا” کہنا ہو تو کون سی مکمل ڈچ بات کہیں؟ | حال: صبح اسکول کو بچے، جماعت، وقت، یا غیر حاضری کی اطلاع دینی ہے۔ “میں اپنے بچے کو تین بجے لینے آتا / آتی ہوں” کہنا ہو تو کون سی مکمل ڈچ بات کہیں؟ | حال: صبح اسکول کو بچے، جماعت، وقت، یا غیر حاضری کی اطلاع دینی ہے۔ “میں اپنے بچے کو اسکول چھوڑتا / چھوڑتی ہوں” کہنا ہو تو کون سی مکمل ڈچ بات کہیں؟","4","5","3","5"
"A0","اسکول، کام، موسم، اور حفاظت","a0-work-basics","Werk","1","کام، کام کا ساتھی، کام کا ذمہ دار، شروع کرنا سن کر سمجھنا اور مناسب روزمرہ موقع میں درست ڈچ بات استعمال کرنا۔","schooltijd; mijn kind is ziek; mijn kind komt vandaag niet; ik breng mijn kind naar school; ik haal mijn kind om drie uur op; te laat; ziek; vandaag; morgen; ik ben te laat","werk — کام [T✓ R✓ G✓ U✓ I✓] | collega — کام کا ساتھی [T✓ R✓ G✓ U✓ I✓] | leidinggevende — کام کا ذمہ دار [T✓ R✓ G✓ U✓ I✓] | beginnen — شروع کرنا [T✓ R✓ G✓ U✓ I✓]","No explicit pattern card in this run","حال: کام کے ذمہ دار کو وقت، آغاز، وقفہ، دیر، یا بیماری کی اطلاع دینی ہے۔ “کام” کے لیے کون سا ڈچ لفظ درست ہے؟ | حال: کام کے ذمہ دار کو وقت، آغاز، وقفہ، دیر، یا بیماری کی اطلاع دینی ہے۔ “شروع کرنا” کے لیے کون سا ڈچ لفظ درست ہے؟ | حال: کام کے ذمہ دار کو وقت، آغاز، وقفہ، دیر، یا بیماری کی اطلاع دینی ہے۔ “کام کا ساتھی” کے لیے کون سا ڈچ لفظ درست ہے؟ | حال: کام کے ذمہ دار کو وقت، آغاز، وقفہ، دیر، یا بیماری کی اطلاع دینی ہے۔ “کام کا ذمہ دار” کے لیے کون سا ڈچ لفظ درست ہے؟","6","5","4","5"
"A0","اسکول، کام، موسم، اور حفاظت","a0-work-basics","Werk","2","ختم کرنا، وقفہ، دیر سے، بیمار سن کر سمجھنا اور مناسب روزمرہ موقع میں درست ڈچ بات استعمال کرنا۔","schooltijd; mijn kind is ziek; mijn kind komt vandaag niet; ik breng mijn kind naar school; ik haal mijn kind om drie uur op; te laat; ziek; vandaag; morgen; ik ben te laat; werk; collega; leidinggevende; beginnen","stoppen — ختم کرنا [T✓ R✓ G✓ U✓ I✓] | pauze — وقفہ [T✓ R✓ G✓ U✓ I✓]","No explicit pattern card in this run","حال: کام کے ذمہ دار کو وقت، آغاز، وقفہ، دیر، یا بیماری کی اطلاع دینی ہے۔ “ختم کرنا” کے لیے کون سا ڈچ لفظ درست ہے؟ | حال: کام کے ذمہ دار کو وقت، آغاز، وقفہ، دیر، یا بیماری کی اطلاع دینی ہے۔ “وقفہ” کے لیے کون سا ڈچ لفظ درست ہے؟","6","5","2","5"
"A0","اسکول، کام، موسم، اور حفاظت","a0-work-basics","Werk","3","آج، کل / آنے والا دن، میں آج نہیں آ سکتا / سکتی سن کر سمجھنا اور مناسب روزمرہ موقع میں درست ڈچ بات استعمال کرنا۔","schooltijd; mijn kind is ziek; mijn kind komt vandaag niet; ik breng mijn kind naar school; ik haal mijn kind om drie uur op; te laat; ziek; vandaag; morgen; ik ben te laat; werk; collega; leidinggevende; beginnen; stoppen; pauze","ik kan vandaag niet komen — میں آج نہیں آ سکتا / سکتی [T✓ R✓ G✓ U✓ I✓]","No explicit pattern card in this run","حال: کام کے ذمہ دار کو وقت، آغاز، وقفہ، دیر، یا بیماری کی اطلاع دینی ہے۔ “میں آج نہیں آ سکتا / سکتی” کہنا ہو تو کون سی مکمل ڈچ بات کہیں؟","4","5","1","5"
"A0","اسکول، کام، موسم، اور حفاظت","a0-work-basics","Werk","4","میں نو بجے شروع کرتا / کرتی ہوں، مجھے دیر ہو گئی ہے، میں آج بیمار ہوں سن کر سمجھنا اور مناسب روزمرہ موقع میں درست ڈچ بات استعمال کرنا۔","schooltijd; mijn kind is ziek; mijn kind komt vandaag niet; ik breng mijn kind naar school; ik haal mijn kind om drie uur op; te laat; ziek; vandaag; morgen; ik ben te laat; werk; collega; leidinggevende; beginnen; stoppen; pauze; ik kan vandaag niet komen","ik begin om negen uur — میں نو بجے شروع کرتا / کرتی ہوں [T✓ R✓ G✓ U✓ I✓] | ik ben vandaag ziek — میں آج بیمار ہوں [T✓ R✓ G✓ U✓ I✓]","No explicit pattern card in this run","حال: کام کے ذمہ دار کو وقت، آغاز، وقفہ، دیر، یا بیماری کی اطلاع دینی ہے۔ “میں نو بجے شروع کرتا / کرتی ہوں” کہنا ہو تو کون سی مکمل ڈچ بات کہیں؟ | حال: کام کے ذمہ دار کو وقت، آغاز، وقفہ، دیر، یا بیماری کی اطلاع دینی ہے۔ “میں آج بیمار ہوں” کہنا ہو تو کون سی مکمل ڈچ بات کہیں؟","4","5","2","5"
"A0","اسکول، کام، موسم، اور حفاظت","a0-weather-clothing-safety","Weer en veiligheid","1","بارش، بارش ہو رہی ہے، سرد، گرم سن کر سمجھنا اور مناسب روزمرہ موقع میں درست ڈچ بات استعمال کرنا۔","morgen; ik kan vandaag niet komen; ik begin om negen uur; ik ben te laat; ik ben vandaag ziek; koud; warm; jas; ingang; uitgang","regen — بارش [T✓ R✓ G✓ U✓ I✓] | het regent — بارش ہو رہی ہے [T✓ R✓ G✓ U✓ I✓]","No explicit pattern card in this run","حال: عمارت سے نکلنے سے پہلے موسم، ضروری چیز، یا حفاظتی نشان سمجھنا ہے۔ “بارش” کے لیے کون سا ڈچ لفظ درست ہے؟ | حال: عمارت سے نکلنے سے پہلے موسم، ضروری چیز، یا حفاظتی نشان سمجھنا ہے۔ “بارش ہو رہی ہے” کہنا ہو تو کون سی مکمل ڈچ بات کہیں؟","5","6","2","5"
"A0","اسکول، کام، موسم، اور حفاظت","a0-weather-clothing-safety","Weer en veiligheid","2","کوٹ / جیکٹ، چھتری، رکیں، خطرہ سن کر سمجھنا اور مناسب روزمرہ موقع میں درست ڈچ بات استعمال کرنا۔","morgen; ik kan vandaag niet komen; ik begin om negen uur; ik ben te laat; ik ben vandaag ziek; koud; warm; jas; ingang; uitgang; regen; het regent","paraplu — چھتری [T✓ R✓ G✓ U✓ I✓] | stop — رکیں [T✓ R✓ G✓ U✓ I✓] | gevaar — خطرہ [T✓ R✓ G✓ U✓ I✓]","No explicit pattern card in this run","حال: عمارت سے نکلنے سے پہلے موسم، ضروری چیز، یا حفاظتی نشان سمجھنا ہے۔ “چھتری” کے لیے کون سا ڈچ لفظ درست ہے؟ | حال: عمارت سے نکلنے سے پہلے موسم، ضروری چیز، یا حفاظتی نشان سمجھنا ہے۔ “خطرہ” کے لیے کون سا ڈچ لفظ درست ہے؟ | حال: عمارت سے نکلنے سے پہلے موسم، ضروری چیز، یا حفاظتی نشان سمجھنا ہے۔ “رکیں” کے لیے کون سا ڈچ لفظ درست ہے؟","5","5","3","5"
"A0","اسکول، کام، موسم، اور حفاظت","a0-weather-clothing-safety","Weer en veiligheid","3","منع ہے، داخلہ، خروج / باہر جانے کا راستہ سن کر سمجھنا اور مناسب روزمرہ موقع میں درست ڈچ بات استعمال کرنا۔","morgen; ik kan vandaag niet komen; ik begin om negen uur; ik ben te laat; ik ben vandaag ziek; koud; warm; jas; ingang; uitgang; regen; het regent; paraplu; stop; gevaar","verboden — منع ہے [T✓ R✓ G✓ U✓ I✓]","No explicit pattern card in this run","حال: عمارت سے نکلنے سے پہلے موسم، ضروری چیز، یا حفاظتی نشان سمجھنا ہے۔ “منع ہے” کے لیے کون سا ڈچ لفظ درست ہے؟","4","4","1","5"
"A0","اسکول، کام، موسم، اور حفاظت","a0-weather-clothing-safety","Weer en veiligheid","4","مجھے جیکٹ چاہیے، باہر جانے کا راستہ کہاں ہے، نہیں، یہ منع ہے سن کر سمجھنا اور مناسب روزمرہ موقع میں درست ڈچ بات استعمال کرنا۔","morgen; ik kan vandaag niet komen; ik begin om negen uur; ik ben te laat; ik ben vandaag ziek; koud; warm; jas; ingang; uitgang; regen; het regent; paraplu; stop; gevaar; verboden","ik heb een jas nodig — مجھے جیکٹ چاہیے [T✓ R✓ G✓ U✓ I✓] | waar is de uitgang — باہر جانے کا راستہ کہاں ہے؟ [T✓ R✓ G✓ U✓ I✓] | nee het is verboden — نہیں، یہ منع ہے [T✓ R✓ G✓ U✓ I✓]","No explicit pattern card in this run","حال: عمارت سے نکلنے سے پہلے موسم، ضروری چیز، یا حفاظتی نشان سمجھنا ہے۔ “مجھے جیکٹ چاہیے” کہنا ہو تو کون سی مکمل ڈچ بات کہیں؟ | حال: عمارت سے نکلنے سے پہلے موسم، ضروری چیز، یا حفاظتی نشان سمجھنا ہے۔ “نہیں، یہ منع ہے” کہنا ہو تو کون سی مکمل ڈچ بات کہیں؟ | حال: عمارت سے نکلنے سے پہلے موسم، ضروری چیز، یا حفاظتی نشان سمجھنا ہے۔ باہر جانے کا راستہ کہاں ہے پوچھنے کے لیے کون سا مکمل سوال کہیں؟","4","5","3","5"
"A1","میری معلومات","a1-greetings-personal-info","Hallo, mijn naam is...","1","سلام، صبح بخیر، میرا نام ضرار ہے، میرا نام Ali ہے سن کر سمجھنا اور مناسب روزمرہ موقع میں درست ڈچ بات استعمال کرنا۔","hallo; goedemorgen; dank u wel; tot ziens; kunt u herhalen; ik; mijn naam is Ali; land; hoe heet u?; adres; telefoonnummer; naam; mijn","mijn naam is Zarar — میرا نام ضرار ہے [T✓ R✓ G✓ U✓ I✓]","اپنا نام مکمل تعارف میں بتانا: mijn naam is Zarar [T✓ R✓ G✓ U✓ I✓]","حال: ملازم آپ سے نام پوچھتا ہے۔ اپنا نام ضرار مکمل جملے میں بتائیں۔","6","7","1","5"
"A1","میری معلومات","a1-greetings-personal-info","Hallo, mijn naam is...","2","آپ کا شکریہ، پھر ملیں گے، نام، میرا سن کر سمجھنا اور مناسب روزمرہ موقع میں درست ڈچ بات استعمال کرنا۔","hallo; goedemorgen; dank u wel; tot ziens; kunt u herhalen; ik; mijn naam is Ali; land; hoe heet u?; adres; telefoonnummer; naam; mijn; mijn naam is Zarar","","No explicit pattern card in this run","حال: ملازم نے آپ کی معلومات لکھ دی ہیں۔ ادب سے شکریہ کہیں۔ | حال: اپنی معلومات بتاتے وقت میرا یا میری کہنا ہے۔ درست ڈچ لفظ چنیں۔ | حال: تعارف مکمل ہو گیا ہے اور آپ رخصت ہو رہے ہیں۔ مناسب بات کہیں۔ | حال: تعارف کارڈ پر نام والا خانہ ڈھونڈنا ہے۔ نام کے لیے درست ڈچ لفظ چنیں۔","5","5","4","5"
"A1","میری معلومات","a1-greetings-personal-info","Hallo, mijn naam is...","3","پتہ، فون نمبر، ملک سن کر سمجھنا اور مناسب روزمرہ موقع میں درست ڈچ بات استعمال کرنا۔","hallo; goedemorgen; dank u wel; tot ziens; kunt u herhalen; ik; mijn naam is Ali; land; hoe heet u?; adres; telefoonnummer; naam; mijn; mijn naam is Zarar","","No explicit pattern card in this run","حال: رابطہ کارڈ پر پتہ والا خانہ نشان زد کرنا ہے۔ درست ڈچ لفظ چنیں۔ | حال: تعارف میں اپنے ملک کی معلومات دینی ہیں۔ ملک کے لیے درست ڈچ لفظ چنیں۔ | حال: رابطہ کارڈ پر فون نمبر والا خانہ ڈھونڈنا ہے۔ درست ڈچ لفظ چنیں۔","5","4","3","5"
"A1","میری معلومات","a1-details-forms","Gegevens invullen","1","پہلا نام، خاندانی نام، میرا پہلا نام Sara ہے، میرا خاندانی نام Khan ہے سن کر سمجھنا اور مناسب روزمرہ موقع میں درست ڈچ بات استعمال کرنا۔","naam; voornaam; achternaam; adres; postcode; woonplaats; telefoonnummer; e-mailadres; ik woon op Marktstraat 12; nul; niet","mijn voornaam is Sara — میرا پہلا نام Sara ہے [T✓ R✓ G✓ U✓ I✓] | mijn achternaam is Khan — میرا خاندانی نام Khan ہے [T✓ R✓ G✓ U✓ I✓]","فارم کا خانہ مکمل جملے میں بتانا: mijn voornaam is Sara [T✓ R✓ G✓ U✓ I✓]","حال: ملازم voornaam پوچھتا ہے۔ اپنا پہلا نام Sara مکمل جملے میں بتائیں۔ | حال: ملازم achternaam پوچھتا ہے۔ اپنا خاندانی نام Khan مکمل جملے میں بتائیں۔","6","7","2","5"
"A1","میری معلومات","a1-details-forms","Gegevens invullen","2","تاریخ پیدائش، میری تاریخ پیدائش 12 مئی ہے، پتہ، میں Marktstraat 12 پر رہتا / رہتی ہوں سن کر سمجھنا اور مناسب روزمرہ موقع میں درست ڈچ بات استعمال کرنا۔","naam; voornaam; achternaam; adres; postcode; woonplaats; telefoonnummer; e-mailadres; ik woon op Marktstraat 12; nul; niet; mijn voornaam is Sara; mijn achternaam is Khan","geboortedatum — تاریخ پیدائش [T✓ R✓ G✓ U✓ I✓] | mijn geboortedatum is 12 mei — میری تاریخ پیدائش 12 مئی ہے [T✓ R✓ G✓ U✓ I✓]","No explicit pattern card in this run","حال: رجسٹریشن فارم میں پیدائش کی تاریخ والا خانہ ڈھونڈنا ہے۔ درست ڈچ لفظ چنیں۔ | حال: ملازم پیدائش کی تاریخ پوچھتا ہے۔ 12 مئی مکمل جملے میں بتائیں۔","5","6","2","5"
"A1","میری معلومات","a1-details-forms","Gegevens invullen","3","پوسٹ کوڈ، میرا پوسٹ کوڈ 1234 AB ہے، رہنے کا شہر، میرا رہنے کا شہر Utrecht ہے سن کر سمجھنا اور مناسب روزمرہ موقع میں درست ڈچ بات استعمال کرنا۔","naam; voornaam; achternaam; adres; postcode; woonplaats; telefoonnummer; e-mailadres; ik woon op Marktstraat 12; nul; niet; mijn voornaam is Sara; mijn achternaam is Khan; geboortedatum; mijn geboortedatum is 12 mei","mijn postcode is 1234 AB — میرا پوسٹ کوڈ 1234 AB ہے [T✓ R✓ G✓ U✓ I✓] | mijn woonplaats is Utrecht — میرا رہنے کا شہر Utrecht ہے [T✓ R✓ G✓ U✓ I✓]","No explicit pattern card in this run","حال: ملازم پوسٹ کوڈ پوچھتا ہے۔ 1234 AB حروف سمیت مکمل جواب دیں۔ | حال: ملازم رہنے کا شہر پوچھتا ہے۔ Utrecht مکمل جملے میں بتائیں۔","5","6","2","5"
"A1","میری معلومات","a1-details-forms","Gegevens invullen","4","فون نمبر، میرا فون نمبر صفر چھ سے شروع ہوتا ہے، ای میل پتہ، میرے پاس ای میل پتہ نہیں ہے سن کر سمجھنا اور مناسب روزمرہ موقع میں درست ڈچ بات استعمال کرنا۔","naam; voornaam; achternaam; adres; postcode; woonplaats; telefoonnummer; e-mailadres; ik woon op Marktstraat 12; nul; niet; mijn voornaam is Sara; mijn achternaam is Khan; geboortedatum; mijn geboortedatum is 12 mei; mijn postcode is 1234 AB; mijn woonplaats is Utrecht; فارم کا خانہ مکمل جملے میں بتانا","mijn telefoonnummer is nul zes — میرا فون نمبر صفر چھ سے شروع ہوتا ہے [T✓ R✓ G✓ U✓ I✓] | ik heb geen e-mailadres — میرے پاس ای میل پتہ نہیں ہے [T✓ R✓ G✓ U✓ I✓]","No explicit pattern card in this run","حال: ملازم رابطے کا فون نمبر پوچھتا ہے۔ صفر چھ سے شروع ہونے والا جواب صاف کہیں۔ | حال: ملازم ای میل پتہ پوچھتا ہے مگر آپ کے پاس ای میل نہیں۔ مکمل جواب دیں۔","6","6","2","5"
"A1","خاندان اور لوگ","a1-people-family-articles","Familie herkennen: de, het en mijn","1","والد / باپ، والدہ / ماں، یہ میرے والد ہیں سن کر سمجھنا اور مناسب روزمرہ موقع میں درست ڈچ بات استعمال کرنا۔","vader; moeder; broer; zus; kind; de man; het boek; dit; mijn","de vader — والد / باپ [T✓ R✓ G✓ U✓ I✓] | de moeder — والدہ / ماں [T✓ R✓ G✓ U✓ I✓] | dit is mijn vader — یہ میرے والد ہیں [T✓ R✓ G✓ U✓ I✓]","خاندان کے فرد کا تعارف کرانا: dit is mijn vader [T✓ R✓ G✓ U✓ I✓]","حال: خاندان کی تصویری فہرست میں والد کے لیے چھوٹے لفظ سمیت درست ڈچ نام منتخب کریں۔ | حال: ایک نئے پڑوسی کو تصویر دکھا کر اپنے والد کا مکمل تعارف کرائیں۔ | حال: خاندان کی تصویری فہرست میں والدہ کے لیے چھوٹے لفظ سمیت درست ڈچ نام منتخب کریں۔","5","6","3","5"
"A1","خاندان اور لوگ","a1-people-family-articles","Familie herkennen: de, het en mijn","2","بچہ، بھائی، بہن سن کر سمجھنا اور مناسب روزمرہ موقع میں درست ڈچ بات استعمال کرنا۔","vader; moeder; broer; zus; kind; de man; het boek; dit; mijn; de vader; de moeder; dit is mijn vader","het kind — بچہ [T✓ R✓ G✓ U✓ I✓] | de broer — بھائی [T✓ R✓ G✓ U✓ I✓] | de zus — بہن [T✓ R✓ G✓ U✓ I✓]","No explicit pattern card in this run","حال: خاندان کے فارم میں ایک بچے والے خانے کے لیے درست چھوٹا لفظ اور اسم منتخب کریں۔ | حال: خاندان کی فہرست میں بہن کے رشتے کو چھوٹے لفظ سمیت نشان زد کریں۔ | حال: خاندان کی فہرست میں بھائی کے رشتے کو چھوٹے لفظ سمیت نشان زد کریں۔","4","5","3","5"
"A1","خاندان اور لوگ","a1-hebben-family","Vertellen over mijn gezin","1","بیٹا، بیٹی، بچے، میرے دو بچے ہیں، کیا آپ کے بچے ہیں سن کر سمجھنا اور مناسب روزمرہ موقع میں درست ڈچ بات استعمال کرنا۔","ik; u; een; twee; ik heb geen boek; niet; broer; dit is mijn vader","zoon — بیٹا [T✓ R✓ G✓ U✓ I✓] | dochter — بیٹی [T✓ R✓ G✓ U✓ I✓] | kinderen — بچے [T✓ R✓ G✓ U✓ I✓] | ik heb twee kinderen — میرے دو بچے ہیں [T✓ R✓ G✓ U✓ I✓] | heeft u kinderen? — کیا آپ کے بچے ہیں؟ [T✓ R✓ G✓ U✓ I✓]","اپنے خاندان کے بارے میں مکمل جواب دینا: ik heb twee kinderen [T✓ R✓ G✓ U✓ I✓]","حال: خاندان کے فارم میں بیٹے کا رشتہ درج کرنا ہے۔ درست ڈچ لفظ منتخب کریں۔ | حال: آپ بچوں کی نگہداشت کے مرکز میں نئے والد یا والدہ سے رسمی طور پر پوچھتے ہیں کہ کیا ان کے بچے ہیں۔ مکمل سوال منتخب کریں۔ | حال: بچوں کی نگہداشت کے تعارف میں اپنی بیٹی کا رشتہ بتانا ہے۔ درست ڈچ لفظ منتخب کریں۔ | حال: رجسٹریشن فارم میں ایک سے زیادہ بچوں کے لیے درست جمع لفظ منتخب کریں۔ | حال: ملازم بچوں کی تعداد پوچھتا ہے۔ اپنے دو بچوں کا مکمل جواب دیں۔","7","8","5","6"
"A1","خاندان اور لوگ","a1-hebben-family","Vertellen over mijn gezin","2","والدین، کوئی نہیں / کوئی … نہیں، میرے بچے نہیں ہیں، میرا ایک بھائی ہے سن کر سمجھنا اور مناسب روزمرہ موقع میں درست ڈچ بات استعمال کرنا۔","ik; u; een; twee; ik heb geen boek; niet; broer; dit is mijn vader; zoon; dochter; kinderen; ik heb twee kinderen; heeft u kinderen?","ouders — والدین [T✓ R✓ G✓ U✓ I✓] | geen — کوئی نہیں / کوئی … نہیں [T✓ R✓ G✓ U✓ I✓] | ik heb geen kinderen — میرے بچے نہیں ہیں [T✓ R✓ G✓ U✓ I✓] | ik heb een broer — میرا ایک بھائی ہے [T✓ R✓ G✓ U✓ I✓]","No explicit pattern card in this run","حال: اسکول کی اطلاع میں بچے کے والدین کے لیے درست جمع لفظ پہچانیں۔ | حال: ایک نئے ہم جماعت کو بتانا ہے کہ آپ کا ایک بھائی ہے۔ مکمل جملہ منتخب کریں۔ | حال: فارم میں بچے نہ ہونے کی بات اسم سے پہلے ایک ڈچ نفی لفظ سے کرنی ہے۔ درست لفظ منتخب کریں۔ | حال: ملازم پوچھتا ہے کہ کیا آپ کے بچے ہیں، مگر آپ کے بچے نہیں ہیں۔ مکمل جواب دیں۔","5","6","4","5"
"A1","خاندان اور لوگ","a1-family-routine-extra","Mijn familie kort beschrijven","1","خاندان کے ایک فرد کی عمر، اسکول، اور رہنے کی جگہ تین مختصر مکمل جملوں میں بتانا۔","vijf; ik ben achttien jaar; zij gaat naar school; ik woon in Nederland; mijn; familie; zoon; dochter; leeftijd","mijn dochter is vijf jaar — میری بیٹی پانچ سال کی ہے [T✓ R✓ G✓ U✓ I✓] | mijn zoon gaat naar school — میرا بیٹا اسکول جاتا ہے [T✓ R✓ G✓ U✓ I✓] | mijn familie woont in Nederland — میرا خاندان نیدرلینڈز میں رہتا ہے [T✓ R✓ G✓ U✓ I✓]","خاندان کے فرد کی عمر بتانا: mijn dochter is vijf jaar [T✓ R✓ G✓ U✓ I✓]","حال: بچوں کی نگہداشت کے تعارف میں اپنی بیٹی کی عمر پانچ سال مکمل جملے میں بتائیں۔ | حال: کمیونٹی مرکز کی گفتگو میں بتانا ہے کہ آپ کا خاندان نیدرلینڈز میں رہتا ہے۔ مکمل جملہ منتخب کریں۔ | حال: نئے پڑوسی کو بتانا ہے کہ آپ کا بیٹا اسکول جاتا ہے۔ مکمل جملہ منتخب کریں۔","6","7","3","5"
"A1","خاندان اور لوگ","a1-child-care","Brengen en ophalen bij de kinderopvang","1","بچوں کی نگہداشت کا مرکز، میں اپنے بچے کو آٹھ بجے بچوں کی نگہداشت کے مرکز چھوڑتا / چھوڑتی ہوں، میں اپنے بچے کو پانچ بجے لینے آتا / آتی ہوں، کھانا ساتھ سن کر سمجھنا اور مناسب روزمرہ موقع میں درست ڈچ بات استعمال کرنا۔","brengen; ophalen; mijn kind komt vandaag niet; ik breng mijn kind naar school; ik haal mijn kind om drie uur op; om acht uur; vijf; acht; ja; leeftijd; eten; water; mijn dochter is vijf jaar; بچے کو لینے کا وقت بتانا","de kinderopvang — بچوں کی نگہداشت کا مرکز [T✓ R✓ G✓ U✓ I✓] | ik breng mijn kind om acht uur naar de kinderopvang — میں اپنے بچے کو آٹھ بجے بچوں کی نگہداشت کے مرکز چھوڑتا / چھوڑتی ہوں [T✓ R✓ G✓ U✓ I✓] | ik haal mijn kind om vijf uur op — میں اپنے بچے کو پانچ بجے لینے آتا / آتی ہوں [T✓ R✓ G✓ U✓ I✓] | eten mee — کھانا ساتھ [T✓ R✓ G✓ U✓ I✓]","بچے کو لینے کا وقت بتانا: ik haal mijn kind om vijf uur op [T✓ R✓ G✓ U✓ I✓]","حال: بچے کی روزانہ نگہداشت کے مرکز کا درست مکمل ڈچ نام منتخب کریں۔ | حال: بچے کی حوالگی فہرست میں کھانا ساتھ ہونے والا مختصر خانہ منتخب کریں۔ | حال: صبح عملے کو بتانا ہے کہ آپ بچے کو آٹھ بجے kinderopvang چھوڑتے ہیں۔ مکمل جملہ منتخب کریں۔ | حال: چھٹی کے وقت عملہ پوچھتا ہے کہ آپ بچے کو کب لینے آئیں گے؛ پانچ بجے کا وقت بتائیں۔","7","7","4","5"
"A1","خاندان اور لوگ","a1-child-care","Brengen en ophalen bij de kinderopvang","2","میرا بچہ کھانا ساتھ لایا ہے، میرے بچے کو پانی چاہیے، تھکا ہوا / تھکی ہوئی، میرا بچہ تھکا ہوا ہے سن کر سمجھنا اور مناسب روزمرہ موقع میں درست ڈچ بات استعمال کرنا۔","brengen; ophalen; mijn kind komt vandaag niet; ik breng mijn kind naar school; ik haal mijn kind om drie uur op; om acht uur; vijf; acht; ja; leeftijd; eten; water; mijn dochter is vijf jaar; de kinderopvang; ik breng mijn kind om acht uur naar de kinderopvang; ik haal mijn kind om vijf uur op; eten mee","mijn kind heeft eten mee — میرا بچہ کھانا ساتھ لایا ہے [T✓ R✓ G✓ U✓ I✓] | mijn kind heeft water nodig — میرے بچے کو پانی چاہیے [T✓ R✓ G✓ U✓ I✓] | moe — تھکا ہوا / تھکی ہوئی [T✓ R✓ G✓ U✓ I✓] | mijn kind is moe — میرا بچہ تھکا ہوا ہے [T✓ R✓ G✓ U✓ I✓]","No explicit pattern card in this run","حال: صبح عملے کو بتانا ہے کہ بچے کے پاس کھانا ساتھ ہے۔ مکمل جملہ منتخب کریں۔ | حال: شام حوالگی میں عملے کو بتانا ہے کہ بچہ تھکا ہوا ہے۔ مکمل جملہ منتخب کریں۔ | حال: بچے کو پانی چاہیے، اس لیے عملے کو یہ ضرورت مکمل جملے میں بتائیں۔ | حال: عملہ بچے کی حالت پوچھتا ہے۔ تھکا ہوا کے لیے درست ڈچ لفظ منتخب کریں۔","5","6","4","5"
"A1","روزمرہ معمول","a1-present-time","Vandaag werk ik","1","آج کے کام، رہائش، اور Nederlands سیکھنے کی بات مکمل حال کے جملے میں کہنا، اور وقت پہلے آئے تو فعل کی جگہ پہچاننا۔","ik; vandaag; nu; ik werk vandaag; ik woon in Nederland; werk","ik leer nu Nederlands — میں ابھی Nederlands سیکھتا / سیکھتی ہوں [T✓ R✓ G✓ U✓ I✓] | wij leren Nederlands — ہم Nederlands سیکھتے ہیں [T✓ R✓ G✓ U✓ I✓] | vandaag werk ik — آج میں کام کرتا / کرتی ہوں [T✓ R✓ G✓ U✓ I✓]","وقت پہلے ہو تو فعل دوسرے نمبر پر: vandaag werk ik [T✓ R✓ G✓ U✓ I✓]","حال: زبان کے استاد کو بتانا ہے کہ آپ ابھی Nederlands سیکھ رہے ہیں۔ مکمل جملہ منتخب کریں۔ | حال: ہفتہ وار منصوبے میں آج کو نمایاں کرکے بتانا ہے کہ آج آپ کام کرتے ہیں۔ درست ترتیب منتخب کریں۔ | حال: کلاس کی مشترک سرگرمی بتاتے ہوئے کہیں کہ ہم Nederlands سیکھتے ہیں۔","7","8","3","6"
"A1","روزمرہ معمول","a1-daily-routine","Mijn werkdag stap voor stap","1","میں سات بجے اٹھتا / اٹھتی ہوں، میں ساڑھے سات بجے ناشتہ کرتا / کرتی ہوں، میں بس سے کام پر جاتا / جاتی ہوں، میں نو بجے شروع کرتا / کرتی ہوں، میرا بارہ بجے وقفہ ہے سن کر سمجھنا اور مناسب روزمرہ موقع میں درست ڈچ بات استعمال کرنا۔","om acht uur; slapen; bus; ik breng mijn kind naar school; ik begin om negen uur; vandaag werk ik","ik sta om zeven uur op — میں سات بجے اٹھتا / اٹھتی ہوں [T✓ R✓ G✓ U✓ I✓] | ik ontbijt om half acht — میں ساڑھے سات بجے ناشتہ کرتا / کرتی ہوں [T✓ R✓ G✓ U✓ I✓] | ik ga met de bus naar werk — میں بس سے کام پر جاتا / جاتی ہوں [T✓ R✓ G✓ U✓ I✓] | ik heb om twaalf uur pauze — میرا بارہ بجے وقفہ ہے [T✓ R✓ G✓ U✓ I✓]","الگ ہونے والا فعل روزمرہ جملے میں: ik sta om zeven uur op [T✓ R✓ G✓ U✓ I✓]","حال: کام کے دن کا منصوبہ بناتے ہوئے بتائیں کہ آپ سات بجے اٹھتے ہیں۔ | حال: ساتھی کے ساتھ ملاقات طے کرتے ہوئے بتائیں کہ بارہ بجے آپ کا وقفہ ہے۔ | حال: گھر کے صبح والے معمول میں ساڑھے سات بجے ناشتے کی بات مکمل کریں۔ | حال: ساتھی پوچھتا ہے کہ آپ کام تک کیسے جاتے ہیں۔ بس والا مکمل جواب منتخب کریں۔","7","8","4","6"
"A1","روزمرہ معمول","a1-daily-routine","Mijn werkdag stap voor stap","2","میں پانچ بجے کام ختم کرتا / کرتی ہوں، اس کے بعد میں گھر جاتا / جاتی ہوں، پہلے میں اپنے بچے کو اسکول چھوڑتا / چھوڑتی ہوں، آج میں کام نہیں کرتا / کرتی، میں گیارہ بجے سونے جاتا / جاتی ہوں سن کر سمجھنا اور مناسب روزمرہ موقع میں درست ڈچ بات استعمال کرنا۔","om acht uur; slapen; bus; ik breng mijn kind naar school; ik begin om negen uur; vandaag werk ik; ik sta om zeven uur op; ik ontbijt om half acht; ik ga met de bus naar werk; ik heb om twaalf uur pauze","ik stop om vijf uur — میں پانچ بجے کام ختم کرتا / کرتی ہوں [T✓ R✓ G✓ U✓ I✓] | daarna ga ik naar huis — اس کے بعد میں گھر جاتا / جاتی ہوں [T✓ R✓ G✓ U✓ I✓] | eerst breng ik mijn kind naar school — پہلے میں اپنے بچے کو اسکول چھوڑتا / چھوڑتی ہوں [T✓ R✓ G✓ U✓ I✓] | vandaag werk ik niet — آج میں کام نہیں کرتا / کرتی [T✓ R✓ G✓ U✓ I✓] | ik ga om elf uur slapen — میں گیارہ بجے سونے جاتا / جاتی ہوں [T✓ R✓ G✓ U✓ I✓]","No explicit pattern card in this run","حال: گھر والوں کو بتانا ہے کہ آپ پانچ بجے کام ختم کرتے ہیں۔ | حال: روزمرہ دن کے آخر میں گیارہ بجے سونے کا وقت بتائیں۔ | حال: کام ختم ہونے کے بعد اگلا قدم گھر جانا ہے۔ ترتیب والا مکمل جملہ چنیں۔ | حال: صبح کے منصوبے میں سب سے پہلے بچے کو اسکول چھوڑنے کی بات کہیں۔ | حال: آج کے معمول میں تبدیلی ہے اور آپ کام نہیں کرتے۔ مکمل اطلاع منتخب کریں۔","6","7","5","5"
"A1","روزمرہ معمول","a1-calendar-time","Mijn week en een verandering","1","میں پیر کو آتا / آتی ہوں، میں جمعہ کو کام کرتا / کرتی ہوں، ہفتہ وار چھٹی میں میں گھر پر ہوں سن کر سمجھنا اور مناسب روزمرہ موقع میں درست ڈچ بات استعمال کرنا۔","maandag; vrijdag; middag; op tijd; te laat; vandaag werk ik","ik kom op maandag — میں پیر کو آتا / آتی ہوں [T✓ R✓ G✓ U✓ I✓] | ik werk op vrijdag — میں جمعہ کو کام کرتا / کرتی ہوں [T✓ R✓ G✓ U✓ I✓] | in het weekend ben ik thuis — ہفتہ وار چھٹی میں میں گھر پر ہوں [T✓ R✓ G✓ U✓ I✓]","دن اور دن کے حصے کے ساتھ وقت: ik kom op maandag [T✓ R✓ G✓ U✓ I✓]","حال: کورس کا ملازم پوچھتا ہے کہ آپ کس دن آتے ہیں۔ پیر کی مکمل بات منتخب کریں۔ | حال: پڑوسی ہفتہ وار چھٹی کا منصوبہ پوچھتا ہے۔ گھر پر ہونے کی مکمل بات کہیں۔ | حال: ہفتہ وار کام کے شیڈول میں جمعہ کے کام کی مکمل بات بتائیں۔","5","6","3","5"
"A1","روزمرہ معمول","a1-calendar-time","Mijn week en een verandering","2","دوپہر میں میرے پاس وقت ہے، میں وقت پر ہوں، معاف کیجیے، میں دیر سے ہوں سن کر سمجھنا اور مناسب روزمرہ موقع میں درست ڈچ بات استعمال کرنا۔","maandag; vrijdag; middag; op tijd; te laat; vandaag werk ik; ik kom op maandag; ik werk op vrijdag; in het weekend ben ik thuis; دن اور دن کے حصے کے ساتھ وقت","ik heb tijd in de middag — دوپہر میں میرے پاس وقت ہے [T✓ R✓ G✓ U✓ I✓] | ik ben op tijd — میں وقت پر ہوں [T✓ R✓ G✓ U✓ I✓] | sorry ik ben te laat — معاف کیجیے، میں دیر سے ہوں [T✓ R✓ G✓ U✓ I✓]","No explicit pattern card in this run","حال: ملاقات طے کرتے ہوئے بتائیں کہ دوپہر میں آپ کے پاس وقت ہے۔ | حال: بس دیر سے آئی ہے اور آپ کام پر تاخیر سے پہنچیں گے۔ معذرت اور تاخیر کی مکمل اطلاع دیں۔ | حال: کام کی جگہ پہنچ کر ساتھی کو بتائیں کہ آپ وقت پر ہیں۔","5","5","3","5"
"A1","روزمرہ معمول","a1-weather-clothes","Weer bekijken en een plan kiezen","1","آج کا موسم سمجھنا، سردی یا بارش کے مطابق جیکٹ اور چھتری کی ضرورت بتانا، اور باہر جانے کا فیصلہ واضح کرنا۔","regen; paraplu; ik heb een jas nodig; koud; niet; vandaag werk ik; ik kom op maandag","het regent vandaag — آج بارش ہو رہی ہے [T✓ R✓ G✓ U✓ I✓] | het is koud buiten — باہر سردی ہے [T✓ R✓ G✓ U✓ I✓] | neem een paraplu mee — چھتری ساتھ لیں [T✓ R✓ G✓ U✓ I✓] | ik ga niet naar buiten — میں باہر نہیں جا رہا / رہی [T✓ R✓ G✓ U✓ I✓]","موسم کی کیفیت مکمل جملے میں: het is koud buiten [T✓ R✓ G✓ U✓ I✓]","حال: گھر سے نکلنے سے پہلے موسم دیکھ کر ساتھی کو بتائیں کہ آج بارش ہو رہی ہے۔ | حال: بارش بہت تیز ہے، اس لیے آپ باہر نہ جانے کا فیصلہ بتاتے ہیں۔ مکمل جملہ منتخب کریں۔ | حال: بچے کو تیار کرتے ہوئے بتائیں کہ باہر سردی ہے۔ | حال: گھر والا باہر جا رہا ہے اور بارش ہو رہی ہے۔ چھتری ساتھ لینے کا واضح مشورہ دیں۔","7","8","4","6"
"A1","سوال اور مدد","a1-questions","Duidelijke vragen stellen","1","آپ کہاں رہتے ہیں، کون، کیا، کہاں سن کر سمجھنا اور مناسب روزمرہ موقع میں درست ڈچ بات استعمال کرنا۔","wie; wat; waar; hoe; morgen; afspraak; hoeveel kost dit; ik kom op maandag","waar woont u? — آپ کہاں رہتے ہیں؟ [T✓ R✓ G✓ U✓ I✓]","سوال لفظ کے بعد فعل اور پھر شخص: waar woont u? [T✓ R✓ G✓ U✓ I✓]","حال: رجسٹریشن میں رہنے کی جگہ مؤدبانہ طور پر پوچھیں۔","6","7","1","5"
"A1","سوال اور مدد","a1-questions","Duidelijke vragen stellen","2","کیسے، کب، کتنا / کتنے، آپ کیوں نہیں آ رہے سن کر سمجھنا اور مناسب روزمرہ موقع میں درست ڈچ بات استعمال کرنا۔","wie; wat; waar; hoe; morgen; afspraak; hoeveel kost dit; ik kom op maandag; waar woont u?","wanneer — کب [T✓ R✓ G✓ U✓ I✓] | hoeveel — کتنا / کتنے [T✓ R✓ G✓ U✓ I✓] | waarom komt u niet? — آپ کیوں نہیں آ رہے؟ [T✓ R✓ G✓ U✓ I✓]","No explicit pattern card in this run","حال: کلاس شروع ہونے کا وقت معلوم نہیں۔ کب پوچھنے کے لیے درست لفظ چنیں۔ | حال: شخص ملاقات پر نہیں آ رہا۔ مؤدبانہ طور پر وجہ پوچھیں۔ | حال: ٹکٹ کی قیمت معلوم کرنی ہے۔ کتنے یا کتنا پوچھنے کا درست لفظ چنیں۔","5","6","3","5"
"A1","سوال اور مدد","a1-questions","Duidelijke vragen stellen","3","کون سا دن، آپ کا نام کیا ہے، آپ کب آئیں گے، کیا آپ کل آئیں گے سن کر سمجھنا اور مناسب روزمرہ موقع میں درست ڈچ بات استعمال کرنا۔","wie; wat; waar; hoe; morgen; afspraak; hoeveel kost dit; ik kom op maandag; waar woont u?; wanneer; hoeveel; waarom komt u niet?","welke dag? — کون سا دن؟ [T✓ R✓ G✓ U✓ I✓] | wat is uw naam? — آپ کا نام کیا ہے؟ [T✓ R✓ G✓ U✓ I✓] | wanneer komt u? — آپ کب آئیں گے؟ [T✓ R✓ G✓ U✓ I✓] | komt u morgen? — کیا آپ کل آئیں گے؟ [T✓ R✓ G✓ U✓ I✓]","No explicit pattern card in this run","حال: ملازم دو ممکنہ دن بتاتا ہے۔ کون سا دن پوچھنے کا مختصر سوال چنیں۔ | حال: صرف کل آنے کی ہاں یا نہیں میں تصدیق کرنی ہے۔ مکمل سوال چنیں۔ | حال: استقبالی ملازم کو آنے والے شخص کا نام پوچھنا ہے۔ مکمل رسمی سوال چنیں۔ | حال: ملاقات کے لیے شخص کی آمد کا دن ابھی کھلا ہے۔ کب آئیں گے پوچھیں۔","5","6","4","5"
"A1","سوال اور مدد","a1-polite-chunks","Beleefd om hulp vragen","1","برائے مہربانی / لیجیے، آپ کا شکریہ، معاف کیجیے، خوشی سے / پسند سے، کیا آپ میری مدد کر سکتے ہیں، براہ مہربانی سن کر سمجھنا اور مناسب روزمرہ موقع میں درست ڈچ بات استعمال کرنا۔","alstublieft; dank u wel; sorry; graag; ik begrijp het niet; waar woont u?","kunt u mij helpen alstublieft? — کیا آپ میری مدد کر سکتے ہیں، براہ مہربانی؟ [T✓ R✓ G✓ U✓ I✓]","مؤدبانہ درخواست کا مکمل نمونہ: kunt u mij helpen alstublieft? [T✓ R✓ G✓ U✓ I✓]","حال: بلدیہ کے کاؤنٹر پر فارم سمجھ نہیں آیا۔ مکمل مؤدبانہ مدد مانگیں۔","7","8","1","6"
"A1","سوال اور مدد","a1-polite-chunks","Beleefd om hulp vragen","2","کیا میں کچھ پوچھ سکتا / سکتی ہوں، معاف کیجیے، مجھے یہ سمجھ نہیں آیا، آپ کی مدد کا شکریہ، نہیں، شکریہ سن کر سمجھنا اور مناسب روزمرہ موقع میں درست ڈچ بات استعمال کرنا۔","alstublieft; dank u wel; sorry; graag; ik begrijp het niet; waar woont u?; kunt u mij helpen alstublieft?","mag ik iets vragen? — کیا میں کچھ پوچھ سکتا / سکتی ہوں؟ [T✓ R✓ G✓ U✓ I✓] | sorry ik begrijp het niet — معاف کیجیے، مجھے یہ سمجھ نہیں آیا [T✓ R✓ G✓ U✓ I✓] | dank u wel voor uw hulp — آپ کی مدد کا شکریہ [T✓ R✓ G✓ U✓ I✓] | nee dank u — نہیں، شکریہ [T✓ R✓ G✓ U✓ I✓]","No explicit pattern card in this run","حال: استقبالی ملازم مصروف ہے۔ اپنا سوال شروع کرنے سے پہلے اجازت مانگیں۔ | حال: دکاندار اضافی چیز پیش کرتا ہے مگر آپ نہیں چاہتے۔ مؤدبانہ انکار کریں۔ | حال: ملازم کی بات سمجھ نہیں آئی۔ معذرت کے ساتھ اپنی مشکل بتائیں۔ | حال: ملازم نے فارم مکمل کروا دیا۔ مدد کے لیے پورا شکریہ دیں۔","5","6","4","5"
"A1","سوال اور مدد","a1-plans-invitations","Uitnodigen en afspreken","1","کیا ہم تین بجے ملیں، کافی، کل / آنے والا دن، شام، کیا تم کافی پینا چاہتے ہو سن کر سمجھنا اور مناسب روزمرہ موقع میں درست ڈچ بات استعمال کرنا۔","koffie; morgen; avond; drie; sorry ik begrijp het niet","zullen we om drie uur afspreken? — کیا ہم تین بجے ملیں؟ [T✓ R✓ G✓ U✓ I✓] | wil je koffie drinken? — کیا تم کافی پینا چاہتے ہو؟ [T✓ R✓ G✓ U✓ I✓]","ملنے کا وقت تجویز کرنا: zullen we om drie uur afspreken? [T✓ R✓ G✓ U✓ I✓]","حال: آپ دونوں کو ملنے کا وقت تجویز کرنا ہے۔ تین بجے کی مکمل بات کہیں۔ | حال: جان پہچان والے پڑوسی کو کافی کی مکمل دعوت دیں۔","7","8","2","6"
"A1","سوال اور مدد","a1-plans-invitations","Uitnodigen en afspreken","2","جی ہاں، خوشی سے، معاف کیجیے، میں نہیں آ سکتا / سکتی، ہم کہاں ملیں گے، کل ملیں گے سن کر سمجھنا اور مناسب روزمرہ موقع میں درست ڈچ بات استعمال کرنا۔","koffie; morgen; avond; drie; sorry ik begrijp het niet; zullen we om drie uur afspreken?; wil je koffie drinken?","ja graag — جی ہاں، خوشی سے [T✓ R✓ G✓ U✓ I✓] | sorry ik kan niet — معاف کیجیے، میں نہیں آ سکتا / سکتی [T✓ R✓ G✓ U✓ I✓] | waar spreken we af? — ہم کہاں ملیں گے؟ [T✓ R✓ G✓ U✓ I✓] | tot morgen — کل ملیں گے [T✓ R✓ G✓ U✓ I✓]","No explicit pattern card in this run","حال: آپ کافی کی دعوت خوشی سے قبول کرنا چاہتے ہیں۔ مختصر مناسب جواب دیں۔ | حال: کل کی ملاقات طے ہو گئی ہے۔ رخصت ہوتے ہوئے مناسب بات کہیں۔ | حال: آپ اس وقت نہیں آ سکتے۔ معذرت کے ساتھ مکمل انکار کریں۔ | حال: وقت طے ہے مگر جگہ معلوم نہیں۔ ملنے کی جگہ پوچھیں۔","5","6","4","5"
"A1","سوال اور مدد","a1-phone-calls","Een telefoongesprek voeren","1","میں آپ کو آج شام واپس فون کروں گا / گی، فون، نمبر، وائس میل، Sara بول رہی ہوں سن کر سمجھنا اور مناسب روزمرہ موقع میں درست ڈچ بات استعمال کرنا۔","kunt u herhalen; telefoonnummer; avond; kunt u mij helpen alstublieft?; sorry ik kan niet","ik bel u vanavond terug — میں آپ کو آج شام واپس فون کروں گا / گی [T✓ R✓ G✓ U✓ I✓] | telefoon — فون [T✓ R✓ G✓ U✓ I✓] | nummer — نمبر [T✓ R✓ G✓ U✓ I✓] | voicemail — وائس میل [T✓ R✓ G✓ U✓ I✓] | met Sara — Sara بول رہی ہوں [T✓ R✓ G✓ U✓ I✓]","واپس فون والے الگ ہونے والے فعل کی ترتیب: ik bel u vanavond terug [T✓ R✓ G✓ U✓ I✓]","حال: آپ خود آج شام واپس فون کریں گے۔ مکمل وعدہ کہیں۔ | حال: Sara فون اٹھاتی ہیں۔ مختصر درست تعارف دیں۔ | حال: رابطے کے آلے کا ڈچ لفظ پہچانیں۔ | حال: فون کے ہندسوں کے لیے درست ڈچ لفظ پہچانیں۔ | حال: فون نہیں اٹھا اور ریکارڈ شدہ آواز آئی۔ اس نظام کا درست لفظ چنیں۔","7","8","5","6"
"A1","سوال اور مدد","a1-phone-calls","Een telefoongesprek voeren","2","کون بول رہا ہے، کیا آپ بعد میں واپس فون کر سکتے ہیں، آپ نے غلط نمبر ملایا ہے، کیا آپ نمبر دہرا سکتے ہیں، وائس میل پر پیغام بول دیں سن کر سمجھنا اور مناسب روزمرہ موقع میں درست ڈچ بات استعمال کرنا۔","kunt u herhalen; telefoonnummer; avond; kunt u mij helpen alstublieft?; sorry ik kan niet; ik bel u vanavond terug; telefoon; nummer; voicemail; met Sara; واپس فون والے الگ ہونے والے فعل کی ترتیب","wie spreekt er? — کون بول رہا ہے؟ [T✓ R✓ G✓ U✓ I✓] | kunt u later terugbellen? — کیا آپ بعد میں واپس فون کر سکتے ہیں؟ [T✓ R✓ G✓ U✓ I✓] | u heeft het verkeerde nummer — آپ نے غلط نمبر ملایا ہے [T✓ R✓ G✓ U✓ I✓] | kunt u het nummer herhalen? — کیا آپ نمبر دہرا سکتے ہیں؟ [T✓ R✓ G✓ U✓ I✓] | spreek een bericht in — وائس میل پر پیغام بول دیں [T✓ R✓ G✓ U✓ I✓]","No explicit pattern card in this run","حال: کال کرنے والے کی شناخت معلوم نہیں۔ کون بول رہا ہے پوچھیں۔ | حال: voicemail پر ریکارڈ شدہ ہدایت پیغام بولنے کو کہتی ہے۔ درست بات چنیں۔ | حال: آپ ابھی بات نہیں کر سکتے۔ سامنے والے سے بعد میں واپس فون مانگیں۔ | حال: کال کسی اور شخص کے لیے ہے۔ مؤدبانہ طور پر غلط نمبر واضح کریں۔ | حال: فون نمبر صاف سنائی نہیں دیا۔ صرف نمبر دوبارہ مانگیں۔","7","7","5","5"
"A1","سوال اور مدد","a1-appointments","Een afspraak maken of veranderen","1","میں ملاقات کا وقت لینا چاہتا / چاہتی ہوں، ملاقات کا وقت، تاریخ، پیر، صبح سن کر سمجھنا اور مناسب روزمرہ موقع میں درست ڈچ بات استعمال کرنا۔","afspraak; datum; ik wil de afspraak veranderen; maandag; ochtend; middag; wanneer komt u?; kunt u mij helpen alstublieft?; kunt u later terugbellen?","ik wil een afspraak maken — میں ملاقات کا وقت لینا چاہتا / چاہتی ہوں [T✓ R✓ G✓ U✓ I✓]","ملاقات کے مقصد کو مکمل جملے میں کہنا: ik wil een afspraak maken [T✓ R✓ G✓ U✓ I✓]","حال: ڈاکٹر کے استقبالی کاؤنٹر سے نئی ملاقات لینی ہے۔ مکمل آغاز کریں۔","7","8","1","6"
"A1","سوال اور مدد","a1-appointments","Een afspraak maken of veranderen","2","دوپہر، میں ملاقات کا وقت بدلنا چاہتا / چاہتی ہوں، کیا آج آپ کے پاس وقت ہے، کیا کل صبح ہو سکتا ہے سن کر سمجھنا اور مناسب روزمرہ موقع میں درست ڈچ بات استعمال کرنا۔","afspraak; datum; ik wil de afspraak veranderen; maandag; ochtend; middag; wanneer komt u?; kunt u mij helpen alstublieft?; kunt u later terugbellen?; ik wil een afspraak maken","heeft u vandaag tijd? — کیا آج آپ کے پاس وقت ہے؟ [T✓ R✓ G✓ U✓ I✓] | kan het morgen in de ochtend? — کیا کل صبح ہو سکتا ہے؟ [T✓ R✓ G✓ U✓ I✓]","No explicit pattern card in this run","حال: ملازم سے آج کی دستیابی مؤدبانہ طور پر پوچھیں۔ | حال: آج کا وقت مناسب نہیں۔ کل صبح کا متبادل پوچھیں۔","5","6","2","5"
"A1","سوال اور مدد","a1-appointments","Een afspraak maken of veranderen","3","میں پیر کو نہیں آ سکتا / سکتی، مجھے ملاقات منسوخ کرنی ہے، ملاقات کتنے بجے ہے، کیا آپ ملاقات کی تصدیق کر سکتے ہیں سن کر سمجھنا اور مناسب روزمرہ موقع میں درست ڈچ بات استعمال کرنا۔","afspraak; datum; ik wil de afspraak veranderen; maandag; ochtend; middag; wanneer komt u?; kunt u mij helpen alstublieft?; kunt u later terugbellen?; ik wil een afspraak maken; heeft u vandaag tijd?; kan het morgen in de ochtend?; ملاقات کے مقصد کو مکمل جملے میں کہنا","ik kan maandag niet komen — میں پیر کو نہیں آ سکتا / سکتی [T✓ R✓ G✓ U✓ I✓] | ik moet de afspraak annuleren — مجھے ملاقات منسوخ کرنی ہے [T✓ R✓ G✓ U✓ I✓] | hoe laat is de afspraak? — ملاقات کتنے بجے ہے؟ [T✓ R✓ G✓ U✓ I✓] | kunt u de afspraak bevestigen? — کیا آپ ملاقات کی تصدیق کر سکتے ہیں؟ [T✓ R✓ G✓ U✓ I✓]","No explicit pattern card in this run","حال: پیر کو آنا ممکن نہیں۔ دن سمیت مکمل اطلاع دیں۔ | حال: فون بند کرنے سے پہلے ملاقات درج ہونے کی تصدیق مانگیں۔ | حال: ملاقات مکمل طور پر ختم کرنی ہے۔ واضح منسوخی کہیں۔ | حال: تاریخ معلوم ہے مگر گھڑی کا وقت بھول گئے ہیں۔ وقت پوچھیں۔","6","6","4","5"
"A1","گھر اور چیزیں","a1-house-food-plurals","Kamers en dingen in huis","1","گھر، کمرہ، کتاب گھر میں ہے، کچن، باتھ روم سن کر سمجھنا اور مناسب روزمرہ موقع میں درست ڈچ بات استعمال کرنا۔","het huis; de man; twee boeken; twee; waar; dit is een boek; in huis; kamer; tafel; stoel; boek","het boek is in huis — کتاب گھر میں ہے [T✓ R✓ G✓ U✓ I✓] | keuken — کچن [T✓ R✓ G✓ U✓ I✓] | badkamer — باتھ روم [T✓ R✓ G✓ U✓ I✓]","چیز کی جگہ بتانے والا مکمل جملہ: het boek is in huis [T✓ R✓ G✓ U✓ I✓]","حال: کتاب گھر کے اندر ہے۔ مکمل جگہ والا جملہ کہیں۔ | حال: گھر کے نقشے میں نہانے والی جگہ پہچانیں۔ | حال: گھر کے نقشے میں کھانا بنانے والی جگہ پہچانیں۔","10","7","3","6"
"A1","گھر اور چیزیں","a1-house-food-plurals","Kamers en dingen in huis","2","میز، کرسی، کتاب، کتابیں، بیگ کہاں ہے سن کر سمجھنا اور مناسب روزمرہ موقع میں درست ڈچ بات استعمال کرنا۔","het huis; de man; twee boeken; twee; waar; dit is een boek; in huis; kamer; tafel; stoel; boek; het boek is in huis; keuken; badkamer","boeken — کتابیں [T✓ R✓ G✓ U✓ I✓] | waar is de tas? — بیگ کہاں ہے؟ [T✓ R✓ G✓ U✓ I✓]","No explicit pattern card in this run","حال: تصویر میں دو کتابیں ہیں۔ جمع والی شکل چنیں۔ | حال: بیگ نظر نہیں آ رہا۔ اس کی جگہ مکمل سوال میں پوچھیں۔","9","7","2","5"
"A1","گھر اور چیزیں","a1-neighbour-talk","Met de buren praten","1","پڑوسن، شور، کیا آپ میری مدد کر سکتے ہیں، پارسل سن کر سمجھنا اور مناسب روزمرہ موقع میں درست ڈچ بات استعمال کرنا۔","goedemorgen; dank u wel; geen boek; kunt u mij helpen; dit is een boek","buurvrouw — پڑوسن [T✓ R✓ G✓ U✓ I✓] | lawaai — شور [T✓ R✓ G✓ U✓ I✓] | pakket — پارسل [T✓ R✓ G✓ U✓ I✓]","پڑوسی سے مؤدبانہ مدد مانگنا: kunt u mij helpen? [T✓ R✓ G✓ U✓ I✓]","حال: ساتھ والے گھر میں رہنے والی عورت کا درست لفظ چنیں۔ | حال: دروازے پر پہنچایا ہوا بند پارسل پہچانیں۔ | حال: رات کو تیز آواز آ رہی ہے۔ شور کا درست لفظ پہچانیں۔","6","6","3","5"
"A1","گھر اور چیزیں","a1-neighbour-talk","Met de buren praten","2","کچرا، مجھے شور سے پریشانی ہے، کیا آپ آواز کم کر سکتے ہیں، آپ کے لیے ایک پارسل رکھا ہے سن کر سمجھنا اور مناسب روزمرہ موقع میں درست ڈچ بات استعمال کرنا۔","goedemorgen; dank u wel; geen boek; kunt u mij helpen; dit is een boek; buurvrouw; lawaai; pakket","vuilnis — کچرا [T✓ R✓ G✓ U✓ I✓] | ik heb last van lawaai — مجھے شور سے پریشانی ہے [T✓ R✓ G✓ U✓ I✓] | kunt u zachter zijn? — کیا آپ آواز کم کر سکتے ہیں؟ [T✓ R✓ G✓ U✓ I✓] | er ligt een pakket voor u — آپ کے لیے ایک پارسل رکھا ہے [T✓ R✓ G✓ U✓ I✓]","No explicit pattern card in this run","حال: باہر رکھنے والے گھر کے کچرے کا لفظ چنیں۔ | حال: پڑوسی کے لیے پارسل آپ کے پاس رکھا ہے۔ مختصر اطلاع دیں۔ | حال: رات کے شور سے پریشانی ہے۔ اپنی مشکل نرم انداز میں بتائیں۔ | حال: پڑوسی سے مؤدبانہ طور پر آواز کم کرنے کو کہیں۔","5","6","4","5"
"A1","گھر اور چیزیں","a1-home-repairs","Een reparatie melden","1","ہیٹنگ، خراب / ٹوٹا ہوا، ہیٹنگ کام نہیں کر رہی، گرم پانی، مرمت کرنے والا سن کر سمجھنا اور مناسب روزمرہ موقع میں درست ڈچ بات استعمال کرنا۔","de kamer is koud; kunt u mij helpen; de man; geen boek; dit is een boek; verwarming; kapot; de verwarming doet het niet","warm water — گرم پانی [T✓ R✓ G✓ U✓ I✓] | monteur — مرمت کرنے والا [T✓ R✓ G✓ U✓ I✓]","کسی نظام کے کام نہ کرنے کی اطلاع: de verwarming doet het niet [T✓ R✓ G✓ U✓ I✓]","حال: نل سے صرف ٹھنڈا پانی آتا ہے۔ مطلوبہ گرم پانی کی بات پہچانیں۔ | حال: خرابی دیکھنے آنے والے شخص کا درست لفظ چنیں۔","7","7","2","6"
"A1","گھر اور چیزیں","a1-home-repairs","Een reparatie melden","2","بتی خراب ہے، کیا آپ کسی کو بھیج سکتے ہیں، مرمت کرنے والا کب آئے گا، مسئلہ حل ہو گیا ہے سن کر سمجھنا اور مناسب روزمرہ موقع میں درست ڈچ بات استعمال کرنا۔","de kamer is koud; kunt u mij helpen; de man; geen boek; dit is een boek; verwarming; kapot; de verwarming doet het niet; warm water; monteur","de lamp is kapot — بتی خراب ہے [T✓ R✓ G✓ U✓ I✓] | kunt u iemand sturen? — کیا آپ کسی کو بھیج سکتے ہیں؟ [T✓ R✓ G✓ U✓ I✓] | wanneer komt de monteur? — مرمت کرنے والا کب آئے گا؟ [T✓ R✓ G✓ U✓ I✓] | het probleem is opgelost — مسئلہ حل ہو گیا ہے [T✓ R✓ G✓ U✓ I✓]","No explicit pattern card in this run","حال: کمرے کی بتی نہیں جلتی۔ مکمل خرابی بتائیں۔ | حال: مرمت کے بعد سب کام کر رہا ہے۔ مسئلہ حل ہونے کی تصدیق کریں۔ | حال: مالک مکان سے کسی مرمت والے کو بھیجنے کی درخواست کریں۔ | حال: مرمت والا مقرر ہے مگر وقت معلوم نہیں۔ آنے کا وقت پوچھیں۔","5","6","4","5"
"A1","گھر اور چیزیں","a1-cleaning-house","Schoonmaken thuis","1","صفائی کرنا، دھلائی، مجھے کمرہ صاف کرنا ہے، ویکیوم سن کر سمجھنا اور مناسب روزمرہ موقع میں درست ڈچ بات استعمال کرنا۔","vandaag; de man; keuken; badkamer; het probleem is opgelost","schoonmaken — صفائی کرنا [T✓ R✓ G✓ U✓ I✓] | was — دھلائی [T✓ R✓ G✓ U✓ I✓] | ik moet de kamer schoonmaken — مجھے کمرہ صاف کرنا ہے [T✓ R✓ G✓ U✓ I✓] | stofzuiger — ویکیوم [T✓ R✓ G✓ U✓ I✓]","ضروری گھر کا کام بتانا: ik moet de kamer schoonmaken [T✓ R✓ G✓ U✓ I✓]","حال: گھر صاف کرنے کے عمل کا درست لفظ چنیں۔ | حال: فرش صاف کرنے والی مشین پہچانیں۔ | حال: کپڑے دھونے والے کام کا مختصر لفظ پہچانیں۔ | حال: کمرہ گندا ہے اور آج اسے صاف کرنا ضروری ہے۔ مکمل ذمہ داری کہیں۔","6","6","4","5"
"A1","گھر اور چیزیں","a1-cleaning-house","Schoonmaken thuis","2","میں آج کپڑے دھوتا یا دھوتی ہوں، کچن صاف ہے، باتھ روم گندا ہے سن کر سمجھنا اور مناسب روزمرہ موقع میں درست ڈچ بات استعمال کرنا۔","vandaag; de man; keuken; badkamer; het probleem is opgelost; schoonmaken; was; ik moet de kamer schoonmaken; stofzuiger","ik doe vandaag de was — میں آج کپڑے دھوتا یا دھوتی ہوں [T✓ R✓ G✓ U✓ I✓] | de keuken is schoon — کچن صاف ہے [T✓ R✓ G✓ U✓ I✓] | de badkamer is vies — باتھ روم گندا ہے [T✓ R✓ G✓ U✓ I✓]","No explicit pattern card in this run","حال: آج کپڑے دھونے کا کام ہے۔ مکمل روزمرہ جملہ کہیں۔ | حال: باتھ روم ابھی گندا ہے۔ مکمل حالت بتائیں۔ | حال: صفائی کے بعد کچن کی حالت بتائیں۔","4","5","3","5"
"A1","گھر اور چیزیں","a1-house-search-extra","Een woning zoeken en bekijken","1","مکان، کرایہ، میں مکان تلاش کر رہا یا رہی ہوں، دستیاب، گھر دیکھنے کا وقت سن کر سمجھنا اور مناسب روزمرہ موقع میں درست ڈچ بات استعمال کرنا۔","twee; afspraak; de man; dit is een boek; maandag; vier euro; heeft u vandaag tijd?","woning — مکان [T✓ R✓ G✓ U✓ I✓] | huur — کرایہ [T✓ R✓ G✓ U✓ I✓] | ik zoek een woning — میں مکان تلاش کر رہا یا رہی ہوں [T✓ R✓ G✓ U✓ I✓] | beschikbaar — دستیاب [T✓ R✓ G✓ U✓ I✓] | bezichtiging — گھر دیکھنے کا وقت [T✓ R✓ G✓ U✓ I✓]","اپنی رہائش کی ضرورت واضح کرنا: ik zoek een woning [T✓ R✓ G✓ U✓ I✓]","حال: کرایے کے اشتہار میں رہنے کے مکان کا لفظ پہچانیں۔ | حال: مکان اندر سے دیکھنے کے مقرر وقت کا لفظ پہچانیں۔ | حال: اشتہار میں ہر ماہ ادا ہونے والی رقم کا لفظ چنیں۔ | حال: رہائش کے دفتر میں اپنی ضرورت مکمل جملے میں بتائیں۔ | حال: اشتہار بتاتا ہے کہ مکان اگلے ماہ سے مل سکتا ہے۔ دستیابی کا لفظ چنیں۔","7","7","5","6"
"A1","گھر اور چیزیں","a1-house-search-extra","Een woning zoeken en bekijken","2","کرایہ کتنا ہے، کیا مکان میں دو کمرے ہیں، مکان کب دستیاب ہے، کیا میں مکان دیکھ سکتا یا سکتی ہوں، کیا باغ ہے سن کر سمجھنا اور مناسب روزمرہ موقع میں درست ڈچ بات استعمال کرنا۔","twee; afspraak; de man; dit is een boek; maandag; vier euro; heeft u vandaag tijd?; woning; huur; ik zoek een woning; beschikbaar; bezichtiging; اپنی رہائش کی ضرورت واضح کرنا","hoeveel is de huur? — کرایہ کتنا ہے؟ [T✓ R✓ G✓ U✓ I✓] | heeft de woning twee kamers? — کیا مکان میں دو کمرے ہیں؟ [T✓ R✓ G✓ U✓ I✓] | wanneer is de woning beschikbaar? — مکان کب دستیاب ہے؟ [T✓ R✓ G✓ U✓ I✓] | kan ik de woning bekijken? — کیا میں مکان دیکھ سکتا یا سکتی ہوں؟ [T✓ R✓ G✓ U✓ I✓] | is er een tuin? — کیا باغ ہے؟ [T✓ R✓ G✓ U✓ I✓]","No explicit pattern card in this run","حال: اشتہار میں رقم واضح نہیں۔ ماہانہ کرایہ پوچھیں۔ | حال: مکان کے ساتھ باغ ہونے کی تصدیق کریں۔ | حال: خاندان کے لیے دو کمروں کی ضرورت ہے۔ تعداد کی تصدیق کریں۔ | حال: نیا مکان کس تاریخ سے مل سکتا ہے یہ پوچھیں۔ | حال: اشتہار مناسب لگتا ہے۔ مکان دیکھنے کی اجازت مانگیں۔","7","7","5","5"
"A1","کھانا اور خریداری","a1-supermarket","Boodschappen doen","1","روٹی، دودھ، سبزیاں، پھل، میں دودھ تلاش کر رہا یا رہی ہوں سن کر سمجھنا اور مناسب روزمرہ موقع میں درست ڈچ بات استعمال کرنا۔","brood; melk; groente; fruit; kassa; waar","ik zoek melk — میں دودھ تلاش کر رہا یا رہی ہوں [T✓ R✓ G✓ U✓ I✓]","دکان میں مطلوبہ چیز بتانا: ik zoek melk [T✓ R✓ G✓ U✓ I✓]","حال: ملازم کو بتائیں کہ آپ دودھ تلاش کر رہے ہیں۔","7","8","1","6"
"A1","کھانا اور خریداری","a1-supermarket","Boodschappen doen","2","چاول کہاں رکھے ہیں، یہ روٹی کتنے کی ہے، کیا مجھے ایک بیگ مل سکتا ہے، کاؤنٹر وہاں ہے سن کر سمجھنا اور مناسب روزمرہ موقع میں درست ڈچ بات استعمال کرنا۔","brood; melk; groente; fruit; kassa; waar; ik zoek melk; دکان میں مطلوبہ چیز بتانا","waar ligt de rijst? — چاول کہاں رکھے ہیں؟ [T✓ R✓ G✓ U✓ I✓] | hoeveel kost dit brood? — یہ روٹی کتنے کی ہے؟ [T✓ R✓ G✓ U✓ I✓] | mag ik een tas? — کیا مجھے ایک بیگ مل سکتا ہے؟ [T✓ R✓ G✓ U✓ I✓] | de kassa is daar — کاؤنٹر وہاں ہے [T✓ R✓ G✓ U✓ I✓]","No explicit pattern card in this run","حال: چاول نظر نہیں آ رہے۔ جگہ پوچھیں۔ | حال: ملازم کاؤنٹر کی جگہ وہاں بتاتا ہے۔ مکمل جواب چنیں۔ | حال: روٹی پر قیمت نہیں لکھی۔ قیمت پوچھیں۔ | حال: کاؤنٹر پر سامان کے لیے بیگ مانگیں۔","6","6","4","5"
"A1","کھانا اور خریداری","a1-cafe-ordering","Kiezen en bestellen in een café","1","کھانے کی فہرست، میرے لیے ایک چائے، بل، کیا مجھے مینو مل سکتا ہے سن کر سمجھنا اور مناسب روزمرہ موقع میں درست ڈچ بات استعمال کرنا۔","thee; ik wil graag koffie; dank u wel","menu — کھانے کی فہرست [T✓ R✓ G✓ U✓ I✓] | voor mij een thee — میرے لیے ایک چائے [T✓ R✓ G✓ U✓ I✓] | rekening — بل [T✓ R✓ G✓ U✓ I✓] | mag ik de kaart alstublieft? — کیا مجھے مینو مل سکتا ہے؟ [T✓ R✓ G✓ U✓ I✓]","کیفے میں اپنا انتخاب کہنا: voor mij een thee [T✓ R✓ G✓ U✓ I✓]","حال: میز پر کھانے کی فہرست پہچانیں۔ | حال: ویٹر سے مینو مؤدبانہ طور پر مانگیں۔ | حال: اپنے لیے ایک چائے آرڈر کریں۔ | حال: کھانے کے آخر کا بل پہچانیں۔","6","7","4","5"
"A1","کھانا اور خریداری","a1-cafe-ordering","Kiezen en bestellen in een café","2","آپ کیا پینا چاہتے ہیں، میں سوپ لوں گا یا گی، بل، برائے مہربانی سن کر سمجھنا اور مناسب روزمرہ موقع میں درست ڈچ بات استعمال کرنا۔","thee; ik wil graag koffie; dank u wel; menu; voor mij een thee; rekening; mag ik de kaart alstublieft?","wat wilt u drinken? — آپ کیا پینا چاہتے ہیں؟ [T✓ R✓ G✓ U✓ I✓] | ik neem de soep — میں سوپ لوں گا یا گی [T✓ R✓ G✓ U✓ I✓] | de rekening alstublieft — بل، برائے مہربانی [T✓ R✓ G✓ U✓ I✓]","No explicit pattern card in this run","حال: ویٹر پوچھتا ہے آپ کیا پینا چاہتے ہیں۔ | حال: کھانا مکمل ہے۔ بل مانگیں۔ | حال: مینو سے سوپ چن کر مکمل بات کہیں۔","4","5","3","5"
"A1","کھانا اور خریداری","a1-cafe-food-needs","Eten, allergie en een probleem","1","گوشت، آرڈر، گوشت کے بغیر، برائے مہربانی، مجھے گری دار میوے سے الرجی ہے سن کر سمجھنا اور مناسب روزمرہ موقع میں درست ڈچ بات استعمال کرنا۔","menu; de rekening alstublieft; kunt u mij helpen alstublieft?","vlees — گوشت [T✓ R✓ G✓ U✓ I✓] | bestelling — آرڈر [T✓ R✓ G✓ U✓ I✓] | zonder vlees alstublieft — گوشت کے بغیر، برائے مہربانی [T✓ R✓ G✓ U✓ I✓] | ik ben allergisch voor noten — مجھے گری دار میوے سے الرجی ہے [T✓ R✓ G✓ U✓ I✓]","الرجی واضح کرنے والا محفوظ جملہ: ik ben allergisch voor noten [T✓ R✓ G✓ U✓ I✓]","حال: مینو میں گوشت والی چیز پہچانیں۔ | حال: کھانا آنے سے پہلے اپنی الرجی واضح کریں۔ | حال: اپنے پورے آرڈر کا لفظ پہچانیں۔ | حال: گوشت کے بغیر کھانا مؤدبانہ طور پر مانگیں۔","6","7","4","5"
"A1","کھانا اور خریداری","a1-cafe-food-needs","Eten, allergie en een probleem","2","یہ میرا آرڈر نہیں ہے، مجھے ابھی تک کچھ نہیں ملا، کیا آپ اسے چیک کر سکتے ہیں سن کر سمجھنا اور مناسب روزمرہ موقع میں درست ڈچ بات استعمال کرنا۔","menu; de rekening alstublieft; kunt u mij helpen alstublieft?; vlees; bestelling; zonder vlees alstublieft; ik ben allergisch voor noten","dit is niet mijn bestelling — یہ میرا آرڈر نہیں ہے [T✓ R✓ G✓ U✓ I✓] | ik heb nog niets gekregen — مجھے ابھی تک کچھ نہیں ملا [T✓ R✓ G✓ U✓ I✓] | kunt u dit controleren? — کیا آپ اسے چیک کر سکتے ہیں؟ [T✓ R✓ G✓ U✓ I✓]","No explicit pattern card in this run","حال: غلط پلیٹ آئی ہے۔ مسئلہ بتائیں۔ | حال: ویٹر سے غلطی چیک کرنے کی درخواست کریں۔ | حال: انتظار کے بعد بھی کچھ نہیں ملا۔ شکایت کہیں۔","4","5","3","5"
"A1","کھانا اور خریداری","a1-shopping-clothes","Kleding kiezen en passen","1","سائز، یہ جیکٹ بہت بڑی ہے، یہ جیکٹ کتنے کی ہے، کیا آپ کے پاس سائز M ہے سن کر سمجھنا اور مناسب روزمرہ موقع میں درست ڈچ بات استعمال کرنا۔","prijs; duur; jas","maat — سائز [T✓ R✓ G✓ U✓ I✓] | deze jas is te groot — یہ جیکٹ بہت بڑی ہے [T✓ R✓ G✓ U✓ I✓] | hoeveel kost deze jas? — یہ جیکٹ کتنے کی ہے؟ [T✓ R✓ G✓ U✓ I✓] | heeft u maat M? — کیا آپ کے پاس سائز M ہے؟ [T✓ R✓ G✓ U✓ I✓]","کپڑے کی فٹنگ بتانا: deze jas is te groot [T✓ R✓ G✓ U✓ I✓]","حال: کپڑے کے لیبل پر سائز پہچانیں۔ | حال: سائز M کی دستیابی پوچھیں۔ | حال: جیکٹ بہت بڑی ہے۔ فٹنگ بتائیں۔ | حال: جیکٹ کی قیمت پوچھیں۔","6","7","4","5"
"A1","کھانا اور خریداری","a1-shopping-clothes","Kleding kiezen en passen","2","کیا میں اسے پہن کر دیکھ سکتا یا سکتی ہوں، کپڑے پہن کر دیکھنے کا کمرہ کہاں ہے، کیا آپ کے پاس دوسرا رنگ ہے، میں یہ لوں گا یا گی سن کر سمجھنا اور مناسب روزمرہ موقع میں درست ڈچ بات استعمال کرنا۔","prijs; duur; jas; maat; deze jas is te groot; hoeveel kost deze jas?; heeft u maat M?","mag ik dit passen? — کیا میں اسے پہن کر دیکھ سکتا یا سکتی ہوں؟ [T✓ R✓ G✓ U✓ I✓] | waar is de paskamer? — کپڑے پہن کر دیکھنے کا کمرہ کہاں ہے؟ [T✓ R✓ G✓ U✓ I✓] | heeft u een andere kleur? — کیا آپ کے پاس دوسرا رنگ ہے؟ [T✓ R✓ G✓ U✓ I✓] | ik neem deze — میں یہ لوں گا یا گی [T✓ R✓ G✓ U✓ I✓]","No explicit pattern card in this run","حال: جیکٹ پہن کر دیکھنے کی اجازت مانگیں۔ | حال: مناسب جیکٹ خریدنے کا فیصلہ کہیں۔ | حال: فٹنگ روم کی جگہ پوچھیں۔ | حال: دوسرا رنگ مانگیں۔","5","6","4","5"
"A1","کھانا اور خریداری","a1-shopping-returns","Ruilen of terugbrengen","1","بدلنا، واپس لانا، میں یہ واپس کرنا چاہتا یا چاہتی ہوں، یہ رہی رسید سن کر سمجھنا اور مناسب روزمرہ موقع میں درست ڈچ بات استعمال کرنا۔","bon; kapot; maat; deze jas is te groot; چیز واپس کرنے کا مقصد کہنا","ruilen — بدلنا [T✓ R✓ G✓ U✓ I✓] | terugbrengen — واپس لانا [T✓ R✓ G✓ U✓ I✓] | ik wil dit terugbrengen — میں یہ واپس کرنا چاہتا یا چاہتی ہوں [T✓ R✓ G✓ U✓ I✓] | hier is de bon — یہ رہی رسید [T✓ R✓ G✓ U✓ I✓]","چیز واپس کرنے کا مقصد کہنا: ik wil dit terugbrengen [T✓ R✓ G✓ U✓ I✓]","حال: دوسری چیز یا سائز سے بدلنے کا عمل پہچانیں۔ | حال: ملازم کو رسید دیں۔ | حال: چیز دکان واپس لانے کا عمل پہچانیں۔ | حال: واپسی کاؤنٹر پر اپنا مقصد کہیں۔","7","7","4","5"
"A1","کھانا اور خریداری","a1-shopping-returns","Ruilen of terugbrengen","2","سائز بہت چھوٹا ہے، جیکٹ خراب ہے، کیا آپ کے پاس بڑا سائز ہے، کیا مجھے پیسے واپس مل سکتے ہیں سن کر سمجھنا اور مناسب روزمرہ موقع میں درست ڈچ بات استعمال کرنا۔","bon; kapot; maat; deze jas is te groot; ruilen; terugbrengen; ik wil dit terugbrengen; hier is de bon","de maat is te klein — سائز بہت چھوٹا ہے [T✓ R✓ G✓ U✓ I✓] | de jas is kapot — جیکٹ خراب ہے [T✓ R✓ G✓ U✓ I✓] | heeft u een grotere maat? — کیا آپ کے پاس بڑا سائز ہے؟ [T✓ R✓ G✓ U✓ I✓] | kan ik mijn geld terugkrijgen? — کیا مجھے پیسے واپس مل سکتے ہیں؟ [T✓ R✓ G✓ U✓ I✓]","No explicit pattern card in this run","حال: واپسی کی وجہ غلط سائز بتائیں۔ | حال: رقم واپس ملنے کی درخواست کریں۔ | حال: جیکٹ کی خرابی بتائیں۔ | حال: بڑا سائز مانگیں۔","5","6","4","5"
"A1","کھانا اور خریداری","a1-money-bank","Betalen en een betaalprobleem","1","بینک کارڈ، رقم، میں نقد ادائیگی کرتا یا کرتی ہوں، میرا بینک کارڈ کام نہیں کر رہا سن کر سمجھنا اور مناسب روزمرہ موقع میں درست ڈچ بات استعمال کرنا۔","ik betaal met pin; contant; bon; rekening; kan ik mijn geld terugkrijgen?; mag ik de bon","pinpas — بینک کارڈ [T✓ R✓ G✓ U✓ I✓] | bedrag — رقم [T✓ R✓ G✓ U✓ I✓] | ik betaal contant — میں نقد ادائیگی کرتا یا کرتی ہوں [T✓ R✓ G✓ U✓ I✓] | mijn pinpas werkt niet — میرا بینک کارڈ کام نہیں کر رہا [T✓ R✓ G✓ U✓ I✓]","ادائیگی کی خرابی واضح کرنا: mijn pinpas werkt niet [T✓ R✓ G✓ U✓ I✓]","حال: ادائیگی کے بینک کارڈ کو پہچانیں۔ | حال: مشین کارڈ قبول نہیں کرتی۔ مسئلہ بتائیں۔ | حال: اسکرین پر کل رقم پہچانیں۔ | حال: کیش سے ادائیگی کا طریقہ بتائیں۔","6","7","4","5"
"A1","کھانا اور خریداری","a1-money-bank","Betalen en een betaalprobleem","2","رقم درست نہیں ہے، میرے پاس کافی پیسے نہیں ہیں، رسید مل سکتی ہے سن کر سمجھنا اور مناسب روزمرہ موقع میں درست ڈچ بات استعمال کرنا۔","ik betaal met pin; contant; bon; rekening; kan ik mijn geld terugkrijgen?; mag ik de bon; pinpas; bedrag; ik betaal contant; mijn pinpas werkt niet","het bedrag klopt niet — رقم درست نہیں ہے [T✓ R✓ G✓ U✓ I✓] | ik heb niet genoeg geld — میرے پاس کافی پیسے نہیں ہیں [T✓ R✓ G✓ U✓ I✓]","No explicit pattern card in this run","حال: اسکرین کی رقم غلط ہے۔ اعتراض کریں۔ | حال: رقم پوری نہیں۔ اپنی حالت بتائیں۔","4","5","2","5"
"A1","باہر جانا اور سفر","a1-public-transport","Reizen met bus en trein","1","پلیٹ فارم، مجھے Utrecht کا ٹکٹ چاہیے، تاخیر، میں اسٹیشن جا رہا یا رہی ہوں، ٹرین کتنے بجے روانہ ہوتی ہے سن کر سمجھنا اور مناسب روزمرہ موقع میں درست ڈچ بات استعمال کرنا۔","bus; trein; station; halte; kaartje","spoor — پلیٹ فارم [T✓ R✓ G✓ U✓ I✓] | ik wil een kaartje naar Utrecht — مجھے Utrecht کا ٹکٹ چاہیے [T✓ R✓ G✓ U✓ I✓] | vertraging — تاخیر [T✓ R✓ G✓ U✓ I✓] | ik ga naar het station — میں اسٹیشن جا رہا یا رہی ہوں [T✓ R✓ G✓ U✓ I✓] | hoe laat vertrekt de trein? — ٹرین کتنے بجے روانہ ہوتی ہے؟ [T✓ R✓ G✓ U✓ I✓]","منزل کے ساتھ ٹکٹ مانگنا: ik wil een kaartje naar Utrecht [T✓ R✓ G✓ U✓ I✓]","حال: روانگی بورڈ پر پلیٹ فارم پہچانیں۔ | حال: ٹرین کا روانگی وقت پوچھیں۔ | حال: کاؤنٹر پر Utrecht کا ٹکٹ مانگیں۔ | حال: بورڈ پر تاخیر پہچانیں۔ | حال: اپنی اسٹیشن والی منزل بتائیں۔","7","8","5","6"
"A1","باہر جانا اور سفر","a1-public-transport","Reizen met bus en trein","2","ٹرین کس پلیٹ فارم سے جاتی ہے، ٹرین دیر سے ہے، کیا یہ بس مرکز جاتی ہے، مجھے کہاں گاڑی بدلنی ہے، اگلا اسٹاپ مرکز ہے سن کر سمجھنا اور مناسب روزمرہ موقع میں درست ڈچ بات استعمال کرنا۔","bus; trein; station; halte; kaartje; spoor; ik wil een kaartje naar Utrecht; vertraging; ik ga naar het station; hoe laat vertrekt de trein?; منزل کے ساتھ ٹکٹ مانگنا","van welk spoor vertrekt de trein? — ٹرین کس پلیٹ فارم سے جاتی ہے؟ [T✓ R✓ G✓ U✓ I✓] | de trein heeft vertraging — ٹرین دیر سے ہے [T✓ R✓ G✓ U✓ I✓] | gaat deze bus naar het centrum? — کیا یہ بس مرکز جاتی ہے؟ [T✓ R✓ G✓ U✓ I✓] | waar moet ik overstappen? — مجھے کہاں گاڑی بدلنی ہے؟ [T✓ R✓ G✓ U✓ I✓] | de volgende halte is centrum — اگلا اسٹاپ مرکز ہے [T✓ R✓ G✓ U✓ I✓]","No explicit pattern card in this run","حال: ٹرین کا پلیٹ فارم پوچھیں۔ | حال: اگلے اسٹاپ کا اعلان سمجھیں۔ | حال: اعلان میں ٹرین کی تاخیر سمجھیں۔ | حال: مرکز جانے والی بس کی تصدیق کریں۔ | حال: گاڑی بدلنے کی جگہ پوچھیں۔","7","7","5","5"
"A1","باہر جانا اور سفر","a1-directions-town","De weg vragen met een kaart","1","نقشہ، میں دواخانے تک کیسے جاؤں، یہ قریب ہے، قریب سن کر سمجھنا اور مناسب روزمرہ موقع میں درست ڈچ بات استعمال کرنا۔","links; rechts; rechtdoor; ga rechtdoor; kaartje; straat; apotheek","kaart — نقشہ [T✓ R✓ G✓ U✓ I✓] | hoe kom ik bij de apotheek? — میں دواخانے تک کیسے جاؤں؟ [T✓ R✓ G✓ U✓ I✓] | het is dichtbij — یہ قریب ہے [T✓ R✓ G✓ U✓ I✓] | dichtbij — قریب [T✓ R✓ G✓ U✓ I✓]","کسی جگہ تک راستہ پوچھنا: hoe kom ik bij de apotheek? [T✓ R✓ G✓ U✓ I✓]","حال: شہر کا نقشہ پہچانیں۔ | حال: قریب فاصلے کا لفظ پہچانیں۔ | حال: دواخانے تک راستہ پوچھیں۔ | حال: جگہ قریب ہے۔ مکمل جواب دیں۔","6","6","4","5"
"A1","باہر جانا اور سفر","a1-directions-town","De weg vragen met een kaart","2","چوک، دائیں مڑیں، یہ دور ہے، کیا آپ نقشے پر دکھا سکتے ہیں سن کر سمجھنا اور مناسب روزمرہ موقع میں درست ڈچ بات استعمال کرنا۔","links; rechts; rechtdoor; ga rechtdoor; kaartje; straat; apotheek; kaart; hoe kom ik bij de apotheek?; het is dichtbij; dichtbij","plein — چوک [T✓ R✓ G✓ U✓ I✓] | sla rechts af — دائیں مڑیں [T✓ R✓ G✓ U✓ I✓] | het is ver weg — یہ دور ہے [T✓ R✓ G✓ U✓ I✓] | kunt u het op de kaart laten zien? — کیا آپ نقشے پر دکھا سکتے ہیں؟ [T✓ R✓ G✓ U✓ I✓]","No explicit pattern card in this run","حال: نقشے پر چوک پہچانیں۔ | حال: راستہ نقشے پر دکھانے کی درخواست کریں۔ | حال: دائیں مڑنے کی ہدایت دیں۔ | حال: جگہ دور ہے۔ مکمل جواب دیں۔","5","6","4","5"
"A1","باہر جانا اور سفر","a1-post-parcel-extra","Een pakket ophalen","1","وصولی کی جگہ، میں اپنا پارسل لینا چاہتا یا چاہتی ہوں، شناختی کاغذ، یہ میرا نوٹس ہے سن کر سمجھنا اور مناسب روزمرہ موقع میں درست ڈچ بات استعمال کرنا۔","adres; pakket; پارسل لینے کا مقصد کہنا","afhaalpunt — وصولی کی جگہ [T✓ R✓ G✓ U✓ I✓] | ik wil mijn pakket ophalen — میں اپنا پارسل لینا چاہتا یا چاہتی ہوں [T✓ R✓ G✓ U✓ I✓] | identiteitsbewijs — شناختی کاغذ [T✓ R✓ G✓ U✓ I✓] | hier is mijn bericht — یہ میرا نوٹس ہے [T✓ R✓ G✓ U✓ I✓]","پارسل لینے کا مقصد کہنا: ik wil mijn pakket ophalen [T✓ R✓ G✓ U✓ I✓]","حال: نوٹس میں وصولی کی جگہ پہچانیں۔ | حال: ملازم کو پارسل نوٹس دیں۔ | حال: کاؤنٹر پر پارسل لینے کا مقصد کہیں۔ | حال: شناختی کاغذ پہچانیں۔","7","7","4","5"
"A1","باہر جانا اور سفر","a1-post-parcel-extra","Een pakket ophalen","2","کیا آپ کے پاس شناختی کاغذ ہے، پارسل ابھی نہیں آیا، یہ کس پتے پر پہنچایا گیا، مجھے یہاں دستخط کرنے ہیں سن کر سمجھنا اور مناسب روزمرہ موقع میں درست ڈچ بات استعمال کرنا۔","adres; pakket; afhaalpunt; ik wil mijn pakket ophalen; identiteitsbewijs; hier is mijn bericht","heeft u een identiteitsbewijs? — کیا آپ کے پاس شناختی کاغذ ہے؟ [T✓ R✓ G✓ U✓ I✓] | het pakket is nog niet gekomen — پارسل ابھی نہیں آیا [T✓ R✓ G✓ U✓ I✓] | op welk adres is het bezorgd? — یہ کس پتے پر پہنچایا گیا؟ [T✓ R✓ G✓ U✓ I✓] | ik moet hier tekenen — مجھے یہاں دستخط کرنے ہیں [T✓ R✓ G✓ U✓ I✓]","No explicit pattern card in this run","حال: شناختی کاغذ مانگنے والا سوال سمجھیں۔ | حال: دستخط کرنے کی ذمہ داری کہیں۔ | حال: پارسل نہ پہنچنے کا مسئلہ بتائیں۔ | حال: ترسیل کا پتہ پوچھیں۔","5","6","4","5"
"A1","باہر جانا اور سفر","a1-library-community","Bibliotheek en buurthuis","1","لائبریری، میں Nederlands سیکھنا چاہتا یا چاہتی ہوں، محلے کا مرکز، زبان کی کلاس سن کر سمجھنا اور مناسب روزمرہ موقع میں درست ڈچ بات استعمال کرنا۔","boek; vandaag; dichtbij","bibliotheek — لائبریری [T✓ R✓ G✓ U✓ I✓] | ik wil Nederlands leren — میں Nederlands سیکھنا چاہتا یا چاہتی ہوں [T✓ R✓ G✓ U✓ I✓] | buurthuis — محلے کا مرکز [T✓ R✓ G✓ U✓ I✓] | taalles — زبان کی کلاس [T✓ R✓ G✓ U✓ I✓]","سیکھنے کا مقصد بتانا: ik wil Nederlands leren [T✓ R✓ G✓ U✓ I✓]","حال: کتابوں کی عوامی جگہ پہچانیں۔ | حال: زبان کی کلاس پہچانیں۔ | حال: زبان سیکھنے کا مقصد بتائیں۔ | حال: محلے کا مرکز پہچانیں۔","6","6","4","5"
"A1","باہر جانا اور سفر","a1-library-community","Bibliotheek en buurthuis","2","کیا آپ کے پاس زبان کی کلاس ہے، میں رکن بننا چاہتا یا چاہتی ہوں، یہ کتنے بجے کھلتا ہے، آج یہ بند ہے سن کر سمجھنا اور مناسب روزمرہ موقع میں درست ڈچ بات استعمال کرنا۔","boek; vandaag; dichtbij; bibliotheek; ik wil Nederlands leren; buurthuis; taalles; سیکھنے کا مقصد بتانا","heeft u taalles? — کیا آپ کے پاس زبان کی کلاس ہے؟ [T✓ R✓ G✓ U✓ I✓] | ik wil lid worden — میں رکن بننا چاہتا یا چاہتی ہوں [T✓ R✓ G✓ U✓ I✓] | hoe laat is het open? — یہ کتنے بجے کھلتا ہے؟ [T✓ R✓ G✓ U✓ I✓] | vandaag is het gesloten — آج یہ بند ہے [T✓ R✓ G✓ U✓ I✓]","No explicit pattern card in this run","حال: زبان کی کلاس کی دستیابی پوچھیں۔ | حال: آج بند ہونے کی اطلاع سمجھیں۔ | حال: رکن بننے کا مقصد کہیں۔ | حال: کھلنے کا وقت پوچھیں۔","6","6","4","5"
"A1","باہر جانا اور سفر","a1-safety-rules","Borden en veilige plekken","1","اجازت ہے، کیا میں یہاں انتظار کر سکتا یا سکتی ہوں، خطرناک، محفوظ سن کر سمجھنا اور مناسب روزمرہ موقع میں درست ڈچ بات استعمال کرنا۔","verboden; waar is de uitgang; ingang; wachten; kunt u mij helpen alstublieft?","toegestaan — اجازت ہے [T✓ R✓ G✓ U✓ I✓] | mag ik hier wachten? — کیا میں یہاں انتظار کر سکتا یا سکتی ہوں؟ [T✓ R✓ G✓ U✓ I✓] | gevaarlijk — خطرناک [T✓ R✓ G✓ U✓ I✓] | veilig — محفوظ [T✓ R✓ G✓ U✓ I✓]","عوامی جگہ پر اجازت پوچھنا: mag ik hier wachten? [T✓ R✓ G✓ U✓ I✓]","حال: اجازت والا نشان پہچانیں۔ | حال: محفوظ جگہ کا لفظ پہچانیں۔ | حال: یہاں انتظار کی اجازت پوچھیں۔ | حال: خطرے والا نشان پہچانیں۔","6","6","4","5"
"A1","باہر جانا اور سفر","a1-safety-rules","Borden en veilige plekken","2","یہاں منع ہے، آپ کو یہاں انتظار کرنا ہے، داخلہ وہاں ہے، مجھے مدد چاہیے سن کر سمجھنا اور مناسب روزمرہ موقع میں درست ڈچ بات استعمال کرنا۔","verboden; waar is de uitgang; ingang; wachten; kunt u mij helpen alstublieft?; toegestaan; mag ik hier wachten?; gevaarlijk; veilig; عوامی جگہ پر اجازت پوچھنا","het is hier verboden — یہاں منع ہے [T✓ R✓ G✓ U✓ I✓] | u moet hier wachten — آپ کو یہاں انتظار کرنا ہے [T✓ R✓ G✓ U✓ I✓] | de ingang is daar — داخلہ وہاں ہے [T✓ R✓ G✓ U✓ I✓] | ik heb hulp nodig — مجھے مدد چاہیے [T✓ R✓ G✓ U✓ I✓]","No explicit pattern card in this run","حال: یہاں منع ہونے کی اطلاع سمجھیں۔ | حال: فوری مدد کی ضرورت واضح کریں۔ | حال: یہاں انتظار کی ہدایت سمجھیں۔ | حال: داخلے کی جگہ وہاں بتائیں۔","6","6","4","5"
"A1","جسم اور صحت","a1-health-appointments","Een afspraak bij de huisarts","1","گھر کا ڈاکٹر، ڈاکٹر کی استقبالی ملازمہ، میں huisarts سے ملاقات چاہتا یا چاہتی ہوں، آپ کی تاریخ پیدائش کیا ہے سن کر سمجھنا اور مناسب روزمرہ موقع میں درست ڈچ بات استعمال کرنا۔","afspraak; dokter; kunt u later terugbellen?; ik wil een afspraak maken","huisarts — گھر کا ڈاکٹر [T✓ R✓ G✓ U✓ I✓] | assistente — ڈاکٹر کی استقبالی ملازمہ [T✓ R✓ G✓ U✓ I✓] | ik wil een afspraak bij de huisarts — میں huisarts سے ملاقات چاہتا یا چاہتی ہوں [T✓ R✓ G✓ U✓ I✓] | wat is uw geboortedatum? — آپ کی تاریخ پیدائش کیا ہے؟ [T✓ R✓ G✓ U✓ I✓]","ڈاکٹر سے ملاقات کا مقصد کہنا: ik wil een afspraak bij de huisarts [T✓ R✓ G✓ U✓ I✓]","حال: عام صحت کے مسئلے کے لیے درست ڈاکٹر پہچانیں۔ | حال: استقبالی ملازم ذاتی معلومات کی تصدیق پوچھتا ہے۔ سوال سمجھیں۔ | حال: فون سنبھالنے والی huisarts کی ملازمہ پہچانیں۔ | حال: huisarts کو فون کر کے ملاقات کا مقصد کہیں۔","6","7","4","5"
"A1","جسم اور صحت","a1-health-appointments","Een afspraak bij de huisarts","2","میں کب آ سکتا یا سکتی ہوں، میں کل نہیں آ سکتا یا سکتی، کیا یہ فوری ہے، کیا آپ مجھے واپس فون کر سکتے ہیں سن کر سمجھنا اور مناسب روزمرہ موقع میں درست ڈچ بات استعمال کرنا۔","afspraak; dokter; kunt u later terugbellen?; ik wil een afspraak maken; huisarts; assistente; ik wil een afspraak bij de huisarts; wat is uw geboortedatum?; ڈاکٹر سے ملاقات کا مقصد کہنا","wanneer kan ik komen? — میں کب آ سکتا یا سکتی ہوں؟ [T✓ R✓ G✓ U✓ I✓] | ik kan morgen niet komen — میں کل نہیں آ سکتا یا سکتی [T✓ R✓ G✓ U✓ I✓] | is het dringend? — کیا یہ فوری ہے؟ [T✓ R✓ G✓ U✓ I✓] | kunt u mij terugbellen? — کیا آپ مجھے واپس فون کر سکتے ہیں؟ [T✓ R✓ G✓ U✓ I✓]","No explicit pattern card in this run","حال: ملاقات کے ممکن دن یا وقت کے بارے میں پوچھیں۔ | حال: ڈاکٹر ابھی دستیاب نہیں۔ واپسی کال کی درخواست کریں۔ | حال: کل کا پیش کیا وقت ممکن نہیں۔ واضح اطلاع دیں۔ | حال: استقبالی ملازم پوچھتا ہے کہ مسئلہ فوری ہے۔ سوال پہچانیں۔","6","6","4","5"
"A1","جسم اور صحت","a1-doctor-symptoms","Klachten vertellen aan de huisarts","1","میرے پیٹ میں درد ہے، سر، پیٹ، سر درد سن کر سمجھنا اور مناسب روزمرہ موقع میں درست ڈچ بات استعمال کرنا۔","ik ben ziek; ik heb pijn; gisteren; huisarts; hoofdpijn; buikpijn","ik heb pijn in mijn buik — میرے پیٹ میں درد ہے [T✓ R✓ G✓ U✓ I✓] | hoofd — سر [T✓ R✓ G✓ U✓ I✓] | buik — پیٹ [T✓ R✓ G✓ U✓ I✓]","درد کی جگہ واضح کرنا: ik heb pijn in mijn buik [T✓ R✓ G✓ U✓ I✓]","حال: huisarts کو پیٹ میں درد کی جگہ واضح کریں۔ | حال: جسم میں پیٹ والا حصہ پہچانیں۔ | حال: جسم میں سر والا حصہ پہچانیں۔","6","6","3","5"
"A1","جسم اور صحت","a1-doctor-symptoms","Klachten vertellen aan de huisarts","2","پیٹ درد، بخار، کھانسی کرنا، مجھے کل سے بخار ہے سن کر سمجھنا اور مناسب روزمرہ موقع میں درست ڈچ بات استعمال کرنا۔","ik ben ziek; ik heb pijn; gisteren; huisarts; hoofdpijn; buikpijn; ik heb pijn in mijn buik; hoofd; buik","koorts — بخار [T✓ R✓ G✓ U✓ I✓] | hoesten — کھانسی کرنا [T✓ R✓ G✓ U✓ I✓] | ik heb sinds gisteren koorts — مجھے کل سے بخار ہے [T✓ R✓ G✓ U✓ I✓]","No explicit pattern card in this run","حال: درجہ حرارت زیادہ ہے۔ بخار کا لفظ پہچانیں۔ | حال: huisarts کو کل سے بخار ہونے کی مدت بتائیں۔ | حال: بار بار کھانسی آنے کا عمل پہچانیں۔","5","6","3","5"
"A1","جسم اور صحت","a1-doctor-symptoms","Klachten vertellen aan de huisarts","3","کہاں درد ہے، آپ کب سے بیمار ہیں، آپ کو آرام کرنا چاہیے سن کر سمجھنا اور مناسب روزمرہ موقع میں درست ڈچ بات استعمال کرنا۔","ik ben ziek; ik heb pijn; gisteren; huisarts; hoofdpijn; buikpijn; ik heb pijn in mijn buik; hoofd; buik; koorts; hoesten; ik heb sinds gisteren koorts","waar doet het pijn? — کہاں درد ہے؟ [T✓ R✓ G✓ U✓ I✓] | hoe lang bent u ziek? — آپ کب سے بیمار ہیں؟ [T✓ R✓ G✓ U✓ I✓] | u moet rust nemen — آپ کو آرام کرنا چاہیے [T✓ R✓ G✓ U✓ I✓]","No explicit pattern card in this run","حال: ڈاکٹر درد کی جگہ پوچھتا ہے۔ سوال سمجھیں۔ | حال: ڈاکٹر آرام کرنے کی ہدایت دیتا ہے۔ اسے سمجھیں۔ | حال: ڈاکٹر بیماری کی مدت پوچھتا ہے۔ سوال سمجھیں۔","4","5","3","5"
"A1","جسم اور صحت","a1-pharmacy-medicine","Medicijnen bij de apotheek","1","مجھے یہ کتنی بار لینا ہے، فارمیسی، دوا، نسخہ، حساسیت ہونا سن کر سمجھنا اور مناسب روزمرہ موقع میں درست ڈچ بات استعمال کرنا۔","medicijn; apotheek; twee; u moet rust nemen","hoe vaak moet ik dit nemen? — مجھے یہ کتنی بار لینا ہے؟ [T✓ R✓ G✓ U✓ I✓] | recept — نسخہ [T✓ R✓ G✓ U✓ I✓] | allergisch — حساسیت ہونا [T✓ R✓ G✓ U✓ I✓]","دوا کی تعداد پوچھنا: hoe vaak moet ik dit nemen? [T✓ R✓ G✓ U✓ I✓]","حال: دوا کتنی بار لینی ہے پوچھیں۔ | حال: دوا دینے سے پہلے حساسیت کا لفظ پہچانیں۔ | حال: ڈاکٹر کی لکھی دوا کی پرچی پہچانیں۔","7","7","3","6"
"A1","جسم اور صحت","a1-pharmacy-medicine","Medicijnen bij de apotheek","2","کیا آپ کے پاس درد کی کوئی دوا ہے، دن میں دو بار، کھانے سے پہلے یا بعد، دوا کی معلومات والا پرچہ پڑھیں سن کر سمجھنا اور مناسب روزمرہ موقع میں درست ڈچ بات استعمال کرنا۔","medicijn; apotheek; twee; u moet rust nemen; hoe vaak moet ik dit nemen?; recept; allergisch; دوا کی تعداد پوچھنا","heeft u iets tegen de pijn? — کیا آپ کے پاس درد کی کوئی دوا ہے؟ [T✓ R✓ G✓ U✓ I✓] | twee keer per dag — دن میں دو بار [T✓ R✓ G✓ U✓ I✓] | voor of na het eten? — کھانے سے پہلے یا بعد؟ [T✓ R✓ G✓ U✓ I✓] | lees de bijsluiter — دوا کی معلومات والا پرچہ پڑھیں [T✓ R✓ G✓ U✓ I✓]","No explicit pattern card in this run","حال: دواخانے میں درد کے لیے دوا مانگیں۔ | حال: دوا کی معلومات والا پرچہ پڑھنے کی ہدایت سمجھیں۔ | حال: لیبل پر دن میں دو بار کی مقدار سمجھیں۔ | حال: دوا کھانے سے پہلے یا بعد لینی ہے پوچھیں۔","6","6","4","5"
"A1","کام اور اسکول کے پیغام","a1-short-messages","Een duidelijk kort bericht","1","ہیلو Sara، میں آج دیر سے آؤں گا یا گی، پیغام، ایپ، میں آج بیمار ہوں، میری کل ملاقات ہے سن کر سمجھنا اور مناسب روزمرہ موقع میں درست ڈچ بات استعمال کرنا۔","vandaag; morgen; ziek; kunt u later terugbellen?; ik ben vandaag ziek; kunt u mij terugbellen?","hoi Sara, ik kom vandaag later — ہیلو Sara، میں آج دیر سے آؤں گا یا گی [T✓ R✓ G✓ U✓ I✓] | bericht — پیغام [T✓ R✓ G✓ U✓ I✓] | app — ایپ [T✓ R✓ G✓ U✓ I✓] | ik heb morgen een afspraak — میری کل ملاقات ہے [T✓ R✓ G✓ U✓ I✓]","سلام کے بعد اصل اطلاع لکھنا: hoi Sara, ik kom vandaag later [T✓ R✓ G✓ U✓ I✓]","حال: واقف ساتھی Sara کو آج دیر سے آنے کی مکمل مختصر اطلاع لکھیں۔ | حال: کل پہلے سے طے ملاقات کی اطلاع دیں۔ | حال: فون کی ایپ میں پیغام کا لفظ پہچانیں۔ | حال: پیغام دیکھنے والی فون ایپ پہچانیں۔","7","8","4","6"
"A1","کام اور اسکول کے پیغام","a1-short-messages","Een duidelijk kort bericht","2","کیا آپ مجھے واپس فون کر سکتے ہیں، میں نے آپ کا پیغام پڑھ لیا ہے، میرے دیر سے جواب کے لیے معذرت، آپ کے پیغام کا شکریہ سن کر سمجھنا اور مناسب روزمرہ موقع میں درست ڈچ بات استعمال کرنا۔","vandaag; morgen; ziek; kunt u later terugbellen?; ik ben vandaag ziek; kunt u mij terugbellen?; hoi Sara, ik kom vandaag later; bericht; app; ik heb morgen een afspraak; سلام کے بعد اصل اطلاع لکھنا","ik heb uw bericht gelezen — میں نے آپ کا پیغام پڑھ لیا ہے [T✓ R✓ G✓ U✓ I✓] | sorry voor mijn late antwoord — میرے دیر سے جواب کے لیے معذرت [T✓ R✓ G✓ U✓ I✓] | dank u voor uw bericht — آپ کے پیغام کا شکریہ [T✓ R✓ G✓ U✓ I✓]","No explicit pattern card in this run","حال: ملازم کو بتائیں کہ اس کا پیغام پڑھ لیا ہے۔ | حال: مؤدبانہ جواب کو پیغام کے شکریے سے مکمل کریں۔ | حال: جواب دیر سے بھیجا جا رہا ہے۔ مختصر معذرت کریں۔","6","6","3","5"
"A1","کام اور اسکول کے پیغام","a1-work-school-messages","Afwezigheid en vertraging melden","1","صبح بخیر، Ali بات کر رہا یا رہی ہوں، میں آج نہیں آ سکتا / سکتی، میں بیمار ہوں، میں کل دوبارہ آؤں گا یا گی سن کر سمجھنا اور مناسب روزمرہ موقع میں درست ڈچ بات استعمال کرنا۔","goedemorgen; vandaag; morgen; ik ben ziek; vertraging; ik kan vandaag niet komen; kunt u mij terugbellen?","goedemorgen, u spreekt met Ali — صبح بخیر، Ali بات کر رہا یا رہی ہوں [T✓ R✓ G✓ U✓ I✓] | ik kom morgen weer — میں کل دوبارہ آؤں گا یا گی [T✓ R✓ G✓ U✓ I✓]","رسمی فون میں سلام اور نام دینا: goedemorgen, u spreekt met Ali [T✓ R✓ G✓ U✓ I✓]","حال: اسکول یا کام کے دفتر کو فون پر رسمی سلام اور اپنا نام دیں۔ | حال: پوچھا جاتا ہے کب واپس آئیں گے۔ کل کی واپسی بتائیں۔","6","7","2","5"
"A1","کام اور اسکول کے پیغام","a1-work-school-messages","Afwezigheid en vertraging melden","2","مجھے دس منٹ دیر ہو گی، بس دیر سے ہے، کیا آپ مجھے واپس فون کر سکتے ہیں، سمجھنے کے لیے آپ کا شکریہ سن کر سمجھنا اور مناسب روزمرہ موقع میں درست ڈچ بات استعمال کرنا۔","goedemorgen; vandaag; morgen; ik ben ziek; vertraging; ik kan vandaag niet komen; kunt u mij terugbellen?; goedemorgen, u spreekt met Ali; ik kom morgen weer","ik ben tien minuten later — مجھے دس منٹ دیر ہو گی [T✓ R✓ G✓ U✓ I✓] | de bus heeft vertraging — بس دیر سے ہے [T✓ R✓ G✓ U✓ I✓] | dank u voor uw begrip — سمجھنے کے لیے آپ کا شکریہ [T✓ R✓ G✓ U✓ I✓]","No explicit pattern card in this run","حال: آپ پہنچیں گے مگر دس منٹ دیر سے۔ مقدار بتائیں۔ | حال: غیر حاضری کی اطلاع مؤدبانہ شکریے سے ختم کریں۔ | حال: بس کے دیر سے ہونے کو اپنی تاخیر کی وجہ بتائیں۔","5","6","3","5"
"A1","کام اور اسکول کے پیغام","a1-school-contact","Schoolbericht en oudercontact","1","میرا بچہ آج اسکول نہیں آئے گا، اسکول، استاد، گھر کا کام سن کر سمجھنا اور مناسب روزمرہ موقع میں درست ڈچ بات استعمال کرنا۔","goedemorgen; school; docent; mijn kind is ziek; morgen; bericht; app","mijn kind komt vandaag niet naar school — میرا بچہ آج اسکول نہیں آئے گا [T✓ R✓ G✓ U✓ I✓] | huiswerk — گھر کا کام [T✓ R✓ G✓ U✓ I✓]","بچے کی غیر حاضری مکمل بتانا: mijn kind komt vandaag niet naar school [T✓ R✓ G✓ U✓ I✓]","حال: اسکول ایپ میں بچے کی آج کی غیر حاضری مکمل لکھیں۔ | حال: ایپ میں گھر پر کرنے والا کام پہچانیں۔","8","6","2","5"
"A1","کام اور اسکول کے پیغام","a1-school-contact","Schoolbericht en oudercontact","2","اوقات کی فہرست، میرے بچے کو بخار ہے، میں استاد سے بات کرنا چاہتا یا چاہتی ہوں، سبق کتنے بجے شروع ہوتا ہے سن کر سمجھنا اور مناسب روزمرہ موقع میں درست ڈچ بات استعمال کرنا۔","goedemorgen; school; docent; mijn kind is ziek; morgen; bericht; app; mijn kind komt vandaag niet naar school; huiswerk","rooster — اوقات کی فہرست [T✓ R✓ G✓ U✓ I✓] | mijn kind heeft koorts — میرے بچے کو بخار ہے [T✓ R✓ G✓ U✓ I✓] | ik wil de docent spreken — میں استاد سے بات کرنا چاہتا یا چاہتی ہوں [T✓ R✓ G✓ U✓ I✓] | hoe laat begint de les? — سبق کتنے بجے شروع ہوتا ہے؟ [T✓ R✓ G✓ U✓ I✓]","No explicit pattern card in this run","حال: سبق کے دن اور وقت والی فہرست پہچانیں۔ | حال: سبق کا شروع ہونے کا وقت پوچھیں۔ | حال: اسکول کو بچے کے بخار کی وجہ بتائیں۔ | حال: بچے کے بارے میں استاد سے بات مانگیں۔","6","6","4","5"
"A1","کام اور اسکول کے پیغام","a1-school-contact","Schoolbericht en oudercontact","3","گھر کا کام کہاں لکھا ہے، اوقات ایپ میں ہیں، کل اسکول نہیں ہے، کیا آپ مجھے پیغام بھیج سکتے ہیں سن کر سمجھنا اور مناسب روزمرہ موقع میں درست ڈچ بات استعمال کرنا۔","goedemorgen; school; docent; mijn kind is ziek; morgen; bericht; app; mijn kind komt vandaag niet naar school; huiswerk; rooster; mijn kind heeft koorts; ik wil de docent spreken; hoe laat begint de les?; بچے کی غیر حاضری مکمل بتانا","waar staat het huiswerk? — گھر کا کام کہاں لکھا ہے؟ [T✓ R✓ G✓ U✓ I✓] | het rooster staat in de app — اوقات ایپ میں ہیں [T✓ R✓ G✓ U✓ I✓] | morgen is er geen school — کل اسکول نہیں ہے [T✓ R✓ G✓ U✓ I✓] | kunt u mij een bericht sturen? — کیا آپ مجھے پیغام بھیج سکتے ہیں؟ [T✓ R✓ G✓ U✓ I✓]","No explicit pattern card in this run","حال: ایپ میں گھر کا کام نہیں مل رہا۔ جگہ پوچھیں۔ | حال: استاد سے معلومات تحریری پیغام میں مانگیں۔ | حال: دفتر بتاتا ہے کہ اوقات ایپ میں ہیں۔ اطلاع سمجھیں۔ | حال: ایپ میں کل اسکول نہ ہونے کی اطلاع سمجھیں۔","6","6","4","5"
"A1","کام اور اسکول کے پیغام","a1-work-schedule","Rooster en verandering op het werk","1","میری ڈیوٹی بدل گئی ہے، اوقات کی فہرست، ڈیوٹی، وقفہ سن کر سمجھنا اور مناسب روزمرہ موقع میں درست ڈچ بات استعمال کرنا۔","morgen; werk; collega; app; rooster; pauze; ik begin om negen uur; ik heb om twaalf uur pauze; کام کی بدلی ڈیوٹی بتانا","mijn dienst is veranderd — میری ڈیوٹی بدل گئی ہے [T✓ R✓ G✓ U✓ I✓] | dienst — ڈیوٹی [T✓ R✓ G✓ U✓ I✓]","کام کی بدلی ڈیوٹی بتانا: mijn dienst is veranderd [T✓ R✓ G✓ U✓ I✓]","حال: ایپ میں اپنی ڈیوٹی بدلی ہوئی دیکھتے ہیں۔ تبدیلی واضح کریں۔ | حال: اپنی مقرر ڈیوٹی کا لفظ پہچانیں۔","7","6","2","5"
"A1","کام اور اسکول کے پیغام","a1-work-schedule","Rooster en verandering op het werk","2","ذمہ دار یا باس، میں نو بجے شروع کرتا / کرتی ہوں، میرا بارہ بجے وقفہ ہے، میں کل کام نہیں کرتا یا کرتی سن کر سمجھنا اور مناسب روزمرہ موقع میں درست ڈچ بات استعمال کرنا۔","morgen; werk; collega; app; rooster; pauze; ik begin om negen uur; ik heb om twaalf uur pauze; mijn dienst is veranderd; dienst","baas — ذمہ دار یا باس [T✓ R✓ G✓ U✓ I✓] | ik werk morgen niet — میں کل کام نہیں کرتا یا کرتی [T✓ R✓ G✓ U✓ I✓]","No explicit pattern card in this run","حال: rooster کے ذمہ دار شخص کا لفظ پہچانیں۔ | حال: کل کام پر دستیاب نہیں۔ مختصر اطلاع دیں۔","5","6","2","5"
"A1","کام اور اسکول کے پیغام","a1-work-schedule","Rooster en verandering op het werk","3","میں بیمار ہوں اور کام نہیں کر سکتا یا سکتی، کیا میں اپنے باس سے بات کر سکتا یا سکتی ہوں، کیا اوقات ایپ میں ہیں سن کر سمجھنا اور مناسب روزمرہ موقع میں درست ڈچ بات استعمال کرنا۔","morgen; werk; collega; app; rooster; pauze; ik begin om negen uur; ik heb om twaalf uur pauze; mijn dienst is veranderd; dienst; baas; ik werk morgen niet","ik ben ziek en kan niet werken — میں بیمار ہوں اور کام نہیں کر سکتا یا سکتی [T✓ R✓ G✓ U✓ I✓] | kan ik met mijn baas spreken? — کیا میں اپنے باس سے بات کر سکتا یا سکتی ہوں؟ [T✓ R✓ G✓ U✓ I✓] | staat het rooster in de app? — کیا اوقات ایپ میں ہیں؟ [T✓ R✓ G✓ U✓ I✓]","No explicit pattern card in this run","حال: بیماری کی وجہ سے کام نہیں کر سکتے۔ مکمل وجہ بتائیں۔ | حال: کام کے اوقات ایپ میں ہیں یا نہیں پوچھیں۔ | حال: بدلی ڈیوٹی پر ذمہ دار سے بات مانگیں۔","4","5","3","5"
"A2","Gemeente اور فارم","a2-separable-verbs-routine","Een formulier invullen en opsturen","1","فارم، فارم بھرنا، فارم بھر دیں، دستخط سن کر سمجھنا اور مناسب روزمرہ موقع میں درست ڈچ بات استعمال کرنا۔","geboortedatum; identiteitsbewijs","het formulier — فارم [T✓ R✓ G✓ U✓ I✓] | het formulier invullen — فارم بھرنا [T✓ R✓ G✓ U✓ I✓] | vul het formulier in — فارم بھر دیں [T✓ R✓ G✓ U✓ I✓] | de handtekening — دستخط [T✓ R✓ G✓ U✓ I✓]","الگ ہونے والے فعل سے فارم کا کام سمجھنا: vul het formulier in [T✓ R✓ G✓ U✓ I✓]","حال: کاؤنٹر پر دو کاغذ پڑے ہیں؛ معلومات کے خانے والے فارم کا درست نام منتخب کریں۔ | حال: فارم کے آخری خانے میں دستخط مانگے گئے ہیں؛ اس خانے کا درست ڈچ نام منتخب کریں۔ | حال: آپ کو فارم کے تمام خانے مکمل کرنے ہیں؛ اس کام کی درست ڈچ بات منتخب کریں۔ | حال: ملازم آپ کو فارم بھرنے کی سیدھی ہدایت دیتا ہے؛ پوری ہدایت منتخب کریں۔","7","7","4","5"
"A2","Gemeente اور فارم","a2-separable-verbs-routine","Een formulier invullen en opsturen","2","فارم پر دستخط کرنا، یہاں دستخط کریں، اپنا شناختی کاغذ ساتھ لانا، اپنا شناختی کاغذ ساتھ لائیں سن کر سمجھنا اور مناسب روزمرہ موقع میں درست ڈچ بات استعمال کرنا۔","geboortedatum; identiteitsbewijs; het formulier; het formulier invullen; vul het formulier in; de handtekening","het formulier ondertekenen — فارم پر دستخط کرنا [T✓ R✓ G✓ U✓ I✓] | onderteken hier — یہاں دستخط کریں [T✓ R✓ G✓ U✓ I✓] | uw identiteitsbewijs meenemen — اپنا شناختی کاغذ ساتھ لانا [T✓ R✓ G✓ U✓ I✓] | neem uw identiteitsbewijs mee — اپنا شناختی کاغذ ساتھ لائیں [T✓ R✓ G✓ U✓ I✓]","No explicit pattern card in this run","حال: تمام معلومات بھر چکے ہیں اور اب فارم پر دستخط کرنے کا کام باقی ہے؛ درست بات منتخب کریں۔ | حال: ملاقات کے خط میں شناختی کاغذ ساتھ لانے کی ہدایت ہے؛ مکمل ڈچ ہدایت منتخب کریں۔ | حال: ملازم فارم پر نشان لگا کر اسی جگہ دستخط کرنے کو کہتا ہے؛ مکمل ہدایت منتخب کریں۔ | حال: ملاقات کی تیاری کی فہرست میں اپنا شناختی کاغذ ساتھ لانے والا کام لکھنا ہے؛ درست بات منتخب کریں۔","6","7","4","5"
"A2","Gemeente اور فارم","a2-separable-verbs-routine","Een formulier invullen en opsturen","3","درخواست، درخواست بھیجنا، درخواست بھیج دیں سن کر سمجھنا اور مناسب روزمرہ موقع میں درست ڈچ بات استعمال کرنا۔","geboortedatum; identiteitsbewijs; het formulier; het formulier invullen; vul het formulier in; de handtekening; het formulier ondertekenen; onderteken hier; uw identiteitsbewijs meenemen; neem uw identiteitsbewijs mee","de aanvraag — درخواست [T✓ R✓ G✓ U✓ I✓] | de aanvraag opsturen — درخواست بھیجنا [T✓ R✓ G✓ U✓ I✓] | stuur de aanvraag op — درخواست بھیج دیں [T✓ R✓ G✓ U✓ I✓]","No explicit pattern card in this run","حال: فارم اور ثبوت ملا کر جو سرکاری درخواست جمع ہوگی اس کا درست ڈچ نام منتخب کریں۔ | حال: سرکاری خط کہتا ہے کہ مکمل درخواست آج بھیج دیں؛ پوری ہدایت منتخب کریں۔ | حال: مکمل درخواست کو آن لائن بھیجنے کا کام بتانا ہے؛ درست ڈچ بات منتخب کریں۔","5","5","3","5"
"A2","Gemeente اور فارم","a2-gemeente-official","Aankomen bij de gemeente","1","بلدیہ / شہری سرکاری دفتر، کاؤنٹر، شہری شناختی نمبر، پاسپورٹ سن کر سمجھنا اور مناسب روزمرہ موقع میں درست ڈچ بات استعمال کرنا۔","ik wil een afspraak maken; kunt u mij helpen alstublieft?","de gemeente — بلدیہ / شہری سرکاری دفتر [T✓ R✓ G✓ U✓ I✓] | het loket — کاؤنٹر [T✓ R✓ G✓ U✓ I✓] | het BSN — شہری شناختی نمبر [T✓ R✓ G✓ U✓ I✓] | het paspoort — پاسپورٹ [T✓ R✓ G✓ U✓ I✓]","No explicit pattern card in this run","حال: پتے کی تبدیلی کے لیے جس شہری سرکاری دفتر جانا ہے اس کا درست ڈچ نام منتخب کریں۔ | حال: شناخت کے لیے دکھائی جانے والی پاسپورٹ دستاویز کا درست ڈچ نام منتخب کریں۔ | حال: دفتر کے اندر جس کاؤنٹر پر دستاویز دکھانی ہے اس کا درست ڈچ نام منتخب کریں۔ | حال: خط میں شہری شناختی نمبر والا خانہ نشان زد کرنا ہے؛ درست ڈچ نام منتخب کریں۔","6","6","4","5"
"A2","Gemeente اور فارم","a2-gemeente-official","Aankomen bij de gemeente","2","میری gemeente میں ملاقات ہے، کاؤنٹر تین کہاں ہے، یہ میرا پاسپورٹ ہے، کیا آپ اس فارم میں میری مدد کر سکتے ہیں سن کر سمجھنا اور مناسب روزمرہ موقع میں درست ڈچ بات استعمال کرنا۔","ik wil een afspraak maken; kunt u mij helpen alstublieft?; de gemeente; het loket; het BSN; het paspoort","ik heb een afspraak bij de gemeente — میری gemeente میں ملاقات ہے [T✓ R✓ G✓ U✓ I✓] | waar is loket drie? — کاؤنٹر تین کہاں ہے؟ [T✓ R✓ G✓ U✓ I✓] | hier is mijn paspoort — یہ میرا پاسپورٹ ہے [T✓ R✓ G✓ U✓ I✓] | kunt u mij helpen met dit formulier? — کیا آپ اس فارم میں میری مدد کر سکتے ہیں؟ [T✓ R✓ G✓ U✓ I✓]","No explicit pattern card in this run","حال: استقبالی ملازم کو بتائیں کہ gemeente میں آپ کی ملاقات پہلے سے طے ہے۔ | حال: فارم کا ایک خانہ سمجھ نہیں آ رہا؛ اسی فارم میں مؤدبانہ مدد مانگیں۔ | حال: ٹکٹ پر loket 3 لکھا ہے مگر جگہ نظر نہیں آ رہی؛ کاؤنٹر کی جگہ پوچھیں۔ | حال: ملازم شناخت مانگتا ہے؛ پاسپورٹ دیتے ہوئے مکمل بات کہیں۔","6","7","4","5"
"A2","Gemeente اور فارم","a2-gemeente-documents","Documenten controleren en een aanvraag volgen","1","مجھے کون سے کاغذات چاہیے، کیا ایک نقل کافی ہے، مجھے کہاں دستخط کرنے ہیں، میرا BSN میرے پاس نہیں ہے سن کر سمجھنا اور مناسب روزمرہ موقع میں درست ڈچ بات استعمال کرنا۔","wat betekent dit","welke documenten heb ik nodig? — مجھے کون سے کاغذات چاہیے؟ [T✓ R✓ G✓ U✓ I✓] | is een kopie voldoende? — کیا ایک نقل کافی ہے؟ [T✓ R✓ G✓ U✓ I✓] | waar moet ik tekenen? — مجھے کہاں دستخط کرنے ہیں؟ [T✓ R✓ G✓ U✓ I✓] | ik heb mijn BSN niet bij me — میرا BSN میرے پاس نہیں ہے [T✓ R✓ G✓ U✓ I✓]","ضرورت کی مکمل فہرست پوچھنا: welke documenten heb ik nodig? [T✓ R✓ G✓ U✓ I✓]","حال: ملاقات کے خط میں فہرست نہیں ہے؛ کاؤنٹر سے تمام مطلوبہ کاغذات پوچھیں۔ | حال: ملازم BSN مانگتا ہے مگر نمبر ابھی آپ کے پاس نہیں؛ مسئلہ صاف بتائیں۔ | حال: اصل پاسپورٹ گھر رہ گیا ہے مگر نقل موجود ہے؛ پوچھیں کہ نقل کافی ہے یا نہیں۔ | حال: فارم میں دو نشان ہیں اور دستخط کی جگہ واضح نہیں؛ صحیح جگہ پوچھیں۔","7","7","4","5"
"A2","Gemeente اور فارم","a2-gemeente-documents","Documenten controleren en een aanvraag volgen","2","مجھے یہ سوال سمجھ نہیں آیا، کیا آپ یہ سمجھا سکتے ہیں، فارم ابھی مکمل نہیں ہے، میری معلومات درست نہیں ہیں سن کر سمجھنا اور مناسب روزمرہ موقع میں درست ڈچ بات استعمال کرنا۔","wat betekent dit; welke documenten heb ik nodig?; is een kopie voldoende?; waar moet ik tekenen?; ik heb mijn BSN niet bij me","ik begrijp deze vraag niet — مجھے یہ سوال سمجھ نہیں آیا [T✓ R✓ G✓ U✓ I✓] | kunt u dit uitleggen? — کیا آپ یہ سمجھا سکتے ہیں؟ [T✓ R✓ G✓ U✓ I✓] | het formulier is nog niet compleet — فارم ابھی مکمل نہیں ہے [T✓ R✓ G✓ U✓ I✓] | mijn gegevens zijn niet correct — میری معلومات درست نہیں ہیں [T✓ R✓ G✓ U✓ I✓]","No explicit pattern card in this run","حال: فارم کا آخری سوال سمجھ نہیں آیا؛ پہلے اپنی مشکل واضح کریں۔ | حال: سرکاری خط میں پرانا پتہ لکھا ہے؛ بتائیں کہ معلومات درست نہیں۔ | حال: ملازم نے ایک شرط دکھائی ہے مگر معنی واضح نہیں؛ مؤدبانہ وضاحت مانگیں۔ | حال: کاؤنٹر پر معلوم ہوتا ہے کہ ایک ثبوت غائب ہے؛ فارم کی موجودہ حالت بتائیں۔","6","7","4","5"
"A2","Gemeente اور فارم","a2-gemeente-documents","Documenten controleren en een aanvraag volgen","3","میں یہ غلطی درست کروانا چاہتا / چاہتی ہوں، کیا میں درخواست آن لائن دے سکتا / سکتی ہوں، مجھے جواب کب ملے گا، آپ کو دو ہفتوں کے اندر ایک خط ملے گا سن کر سمجھنا اور مناسب روزمرہ موقع میں درست ڈچ بات استعمال کرنا۔","wat betekent dit; welke documenten heb ik nodig?; is een kopie voldoende?; waar moet ik tekenen?; ik heb mijn BSN niet bij me; ik begrijp deze vraag niet; kunt u dit uitleggen?; het formulier is nog niet compleet; mijn gegevens zijn niet correct","ik wil deze fout laten herstellen — میں یہ غلطی درست کروانا چاہتا / چاہتی ہوں [T✓ R✓ G✓ U✓ I✓] | kan ik de aanvraag online doen? — کیا میں درخواست آن لائن دے سکتا / سکتی ہوں؟ [T✓ R✓ G✓ U✓ I✓] | wanneer krijg ik antwoord? — مجھے جواب کب ملے گا؟ [T✓ R✓ G✓ U✓ I✓] | u ontvangt binnen twee weken een brief — آپ کو دو ہفتوں کے اندر ایک خط ملے گا [T✓ R✓ G✓ U✓ I✓]","No explicit pattern card in this run","حال: غلط پتہ دکھانے کے بعد ادارے سے وہ غلطی درست کروانے کی درخواست کریں۔ | حال: جمع کرانے کی رسید پر جواب کی مدت لکھی ہے؛ دو ہفتوں کے اندر خط آنے والی مکمل بات منتخب کریں۔ | حال: دوبارہ دفتر آنا مشکل ہے؛ پوچھیں کہ پوری درخواست آن لائن ہو سکتی ہے یا نہیں۔ | حال: درخواست جمع ہو گئی مگر فیصلے کی تاریخ نہیں لکھی؛ جواب کا وقت پوچھیں۔","6","6","4","5"
"A2","کام اور نوکری","a2-work-school","Een baan en werkgegevens begrijpen","1","میں نوکری تلاش کر رہا / رہی ہوں، میں پیر کو اپنی نوکری شروع کرتا / کرتی ہوں، یہ میرا معاہدہ ہے، میرے معاہدے میں کتنے گھنٹے لکھے ہیں سن کر سمجھنا اور مناسب روزمرہ موقع میں درست ڈچ بات استعمال کرنا۔","","ik zoek een baan — میں نوکری تلاش کر رہا / رہی ہوں [T✓ R✓ G✓ U✓ I✓] | ik begin maandag met mijn baan — میں پیر کو اپنی نوکری شروع کرتا / کرتی ہوں [T✓ R✓ G✓ U✓ I✓] | dit is mijn contract — یہ میرا معاہدہ ہے [T✓ R✓ G✓ U✓ I✓] | hoeveel uur staat in mijn contract? — میرے معاہدے میں کتنے گھنٹے لکھے ہیں؟ [T✓ R✓ G✓ U✓ I✓]","No explicit pattern card in this run","حال: نئی نوکری کے پہلے دن نگران آپ کی معلومات دیکھتا ہے؛ مطلوبہ کام کی بات منتخب کریں۔ | حال: تنخواہ کی پہلی پرچی ملنے پر ایک خانہ واضح نہیں؛ مکمل جواب دیں۔ | حال: معاہدہ سامنے رکھ کر ملازم ایک بات پوچھتا ہے؛ اپنی صورت صاف بتائیں۔ | حال: اوقات کی فہرست بدلنے کے بعد دفتر فون کرتا ہے؛ درست ملازمت والی بات کہیں۔","6","6","4","5"
"A2","کام اور نوکری","a2-work-school","Een baan en werkgegevens begrijpen","2","مجھے تنخواہ کب ملے گی، یہ میرے اوقات کی فہرست ہے، میرا ساتھی میری مدد کرتا / کرتی ہے، میرے کام کے اوقات بدل گئے ہیں سن کر سمجھنا اور مناسب روزمرہ موقع میں درست ڈچ بات استعمال کرنا۔","ik zoek een baan; ik begin maandag met mijn baan; dit is mijn contract; hoeveel uur staat in mijn contract?","wanneer krijg ik mijn salaris? — مجھے تنخواہ کب ملے گی؟ [T✓ R✓ G✓ U✓ I✓] | dit is mijn rooster — یہ میرے اوقات کی فہرست ہے [T✓ R✓ G✓ U✓ I✓] | mijn collega helpt mij — میرا ساتھی میری مدد کرتا / کرتی ہے [T✓ R✓ G✓ U✓ I✓] | mijn rooster is veranderd — میرے کام کے اوقات بدل گئے ہیں [T✓ R✓ G✓ U✓ I✓]","No explicit pattern card in this run","حال: نئی نوکری کے پہلے دن نگران آپ کی معلومات دیکھتا ہے؛ مطلوبہ کام کی بات منتخب کریں۔ | حال: تنخواہ کی پہلی پرچی ملنے پر ایک خانہ واضح نہیں؛ مکمل جواب دیں۔ | حال: معاہدہ سامنے رکھ کر ملازم ایک بات پوچھتا ہے؛ اپنی صورت صاف بتائیں۔ | حال: اوقات کی فہرست بدلنے کے بعد دفتر فون کرتا ہے؛ درست ملازمت والی بات کہیں۔","6","7","4","5"
"A2","کام اور نوکری","a2-future-modal-verbs","Werkafspraken, toestemming en plannen","1","میں پیر کو شروع کرنے والا / والی ہوں، میں منگل کو کام کر سکتا / سکتی ہوں، مجھے حفاظتی جوتے پہننے ہیں، کیا میں پہلے شروع کر سکتا / سکتی ہوں سن کر سمجھنا اور مناسب روزمرہ موقع میں درست ڈچ بات استعمال کرنا۔","","ik ga maandag beginnen — میں پیر کو شروع کرنے والا / والی ہوں [T✓ R✓ G✓ U✓ I✓] | ik kan op dinsdag werken — میں منگل کو کام کر سکتا / سکتی ہوں [T✓ R✓ G✓ U✓ I✓] | ik moet veiligheidsschoenen dragen — مجھے حفاظتی جوتے پہننے ہیں [T✓ R✓ G✓ U✓ I✓] | mag ik eerder beginnen? — کیا میں پہلے شروع کر سکتا / سکتی ہوں؟ [T✓ R✓ G✓ U✓ I✓]","منصوبہ، ضرورت، اور امکان الگ رکھیں: ik ga maandag beginnen [T✓ R✓ G✓ U✓ I✓]","حال: اگلے ہفتے کا کام طے کرتے وقت نگران سوال کرتا ہے؛ اپنا منصوبہ بتائیں۔ | حال: نئی شفٹ کی اجازت لینے کے لیے گفتگو ہوتی ہے؛ ممکن کام واضح کریں۔ | حال: کام کی جگہ کا اصول سننے کے بعد آپ جواب دیتے ہیں؛ ضرورت والی بات منتخب کریں۔ | حال: چھٹی کی درخواست سے پہلے دستیابی دیکھی جاتی ہے؛ اجازت مؤدبانہ طور پر پوچھیں۔","7","7","4","5"
"A2","کام اور نوکری","a2-future-modal-verbs","Werkafspraken, toestemming en plannen","2","میں جمعہ کو کام نہیں کر سکتا / سکتی، مجھے نگران کو فون کرنا ہے، کیا میں گھر سے کام کر سکتا / سکتی ہوں، میں کب شروع کرنے والا / والی ہوں سن کر سمجھنا اور مناسب روزمرہ موقع میں درست ڈچ بات استعمال کرنا۔","ik ga maandag beginnen; ik kan op dinsdag werken; ik moet veiligheidsschoenen dragen; mag ik eerder beginnen?","ik kan op vrijdag niet werken — میں جمعہ کو کام نہیں کر سکتا / سکتی [T✓ R✓ G✓ U✓ I✓] | ik moet de manager bellen — مجھے نگران کو فون کرنا ہے [T✓ R✓ G✓ U✓ I✓] | mag ik thuiswerken? — کیا میں گھر سے کام کر سکتا / سکتی ہوں؟ [T✓ R✓ G✓ U✓ I✓] | wanneer ga ik beginnen? — میں کب شروع کرنے والا / والی ہوں؟ [T✓ R✓ G✓ U✓ I✓]","No explicit pattern card in this run","حال: اگلے ہفتے کا کام طے کرتے وقت نگران سوال کرتا ہے؛ اپنا منصوبہ بتائیں۔ | حال: نئی شفٹ کی اجازت لینے کے لیے گفتگو ہوتی ہے؛ ممکن کام واضح کریں۔ | حال: کام کی جگہ کا اصول سننے کے بعد آپ جواب دیتے ہیں؛ ضرورت والی بات منتخب کریں۔ | حال: چھٹی کی درخواست سے پہلے دستیابی دیکھی جاتی ہے؛ اجازت مؤدبانہ طور پر پوچھیں۔","6","7","4","5"
"A2","کام اور نوکری","a2-work-conditions","Rooster, loon en afspraken bespreken","1","میرے کام کے اوقات بدل گئے ہیں، میں منگل کو کام نہیں کر سکتا / سکتی، کیا میں چھٹی مانگ سکتا / سکتی ہوں، میری تنخواہ درست نہیں ہے سن کر سمجھنا اور مناسب روزمرہ موقع میں درست ڈچ بات استعمال کرنا۔","mijn rooster is veranderd","ik kan op dinsdag niet werken — میں منگل کو کام نہیں کر سکتا / سکتی [T✓ R✓ G✓ U✓ I✓] | kan ik een vrije dag aanvragen — کیا میں چھٹی مانگ سکتا / سکتی ہوں؟ [T✓ R✓ G✓ U✓ I✓] | mijn salaris klopt niet — میری تنخواہ درست نہیں ہے [T✓ R✓ G✓ U✓ I✓]","No explicit pattern card in this run","حال: تنخواہ کی پرچی میں رقم مختلف دکھائی دیتی ہے؛ مناسب درخواست کریں۔ | حال: نیا کام سمجھ نہ آنے پر ساتھی مدد دیتا ہے؛ تحریری تصدیق والی بات منتخب کریں۔ | حال: بیماری کی اطلاع کے بعد واپسی کا دن پوچھا جاتا ہے؛ اپنا اگلا قدم بتائیں۔","6","6","3","5"
"A2","کام اور نوکری","a2-work-conditions","Rooster, loon en afspraken bespreken","2","مجھے اس کام میں مدد چاہیے، میری ڈیوٹی کون کرے گا، کیا ہم اس پر بات کر سکتے ہیں، میں ای میل سے تصدیق بھیجوں گا / گی سن کر سمجھنا اور مناسب روزمرہ موقع میں درست ڈچ بات استعمال کرنا۔","mijn rooster is veranderd; ik kan op dinsdag niet werken; kan ik een vrije dag aanvragen; mijn salaris klopt niet","ik heb hulp nodig bij deze taak — مجھے اس کام میں مدد چاہیے [T✓ R✓ G✓ U✓ I✓] | wie neemt mijn dienst over — میری ڈیوٹی کون کرے گا؟ [T✓ R✓ G✓ U✓ I✓] | kunnen we hierover praten — کیا ہم اس پر بات کر سکتے ہیں؟ [T✓ R✓ G✓ U✓ I✓] | ik stuur de bevestiging per e-mail — میں ای میل سے تصدیق بھیجوں گا / گی [T✓ R✓ G✓ U✓ I✓]","No explicit pattern card in this run","حال: ہفتہ وار اوقات بدل گئے ہیں اور نگران سامنے ہے؛ اصل مسئلہ واضح کریں۔ | حال: نیا کام سمجھ نہ آنے پر ساتھی مدد دیتا ہے؛ تحریری تصدیق والی بات منتخب کریں۔ | حال: تنخواہ کی پرچی میں رقم مختلف دکھائی دیتی ہے؛ مناسب درخواست کریں۔ | حال: بیماری کی اطلاع کے بعد واپسی کا دن پوچھا جاتا ہے؛ اپنا اگلا قدم بتائیں۔","6","7","4","5"
"A2","والدین اور اسکول","a2-school-absence-notice","Ziek melden en een schoolbericht lezen","1","میرا بچہ آج اسکول نہیں آئے گا، میں اپنے بچے کی غیر حاضری کی اطلاع دیتا / دیتی ہوں، میرا بچہ بیمار ہے، اسے بخار تھا اور گھر رہنا پڑا سن کر سمجھنا اور مناسب روزمرہ موقع میں درست ڈچ بات استعمال کرنا۔","mijn kind komt vandaag niet naar school; mijn kind is ziek","ik meld mijn kind af — میں اپنے بچے کی غیر حاضری کی اطلاع دیتا / دیتی ہوں [T✓ R✓ G✓ U✓ I✓] | hij had koorts en moest thuisblijven — اسے بخار تھا اور گھر رہنا پڑا [T✓ R✓ G✓ U✓ I✓]","گزشتہ بیماری اور مجبوری بتائیں: hij had koorts en moest thuisblijven [T✓ R✓ G✓ U✓ I✓]","حال: اسکول ایپ میں آج کے سبق کا نیا نوٹس آتا ہے؛ نوٹس کی درست بات پہچانیں۔ | حال: واپسی سے پہلے اسکول اگلا دن معلوم کرنا چاہتا ہے؛ اگلا قدم پوچھیں۔","7","7","2","5"
"A2","والدین اور اسکول","a2-school-absence-notice","Ziek melden en een schoolbericht lezen","2","سبق دس بجے شروع ہوتا ہے، آج سبق منسوخ ہے، کیا مجھے استاد کو فون کرنا چاہیے، میرا بچہ دوبارہ کب آ سکتا ہے سن کر سمجھنا اور مناسب روزمرہ موقع میں درست ڈچ بات استعمال کرنا۔","mijn kind komt vandaag niet naar school; mijn kind is ziek; ik meld mijn kind af; hij had koorts en moest thuisblijven","de les begint om tien uur — سبق دس بجے شروع ہوتا ہے [T✓ R✓ G✓ U✓ I✓] | de les valt vandaag uit — آج سبق منسوخ ہے [T✓ R✓ G✓ U✓ I✓] | moet ik de docent bellen? — کیا مجھے استاد کو فون کرنا چاہیے؟ [T✓ R✓ G✓ U✓ I✓] | wanneer kan mijn kind weer komen? — میرا بچہ دوبارہ کب آ سکتا ہے؟ [T✓ R✓ G✓ U✓ I✓]","No explicit pattern card in this run","حال: صبح اسکول شروع ہونے سے پہلے دفتر فون اٹھاتا ہے؛ غیر حاضری کی مکمل اطلاع دیں۔ | حال: واپسی سے پہلے اسکول اگلا دن معلوم کرنا چاہتا ہے؛ اگلا قدم پوچھیں۔ | حال: اسکول ایپ میں آج کے سبق کا نیا نوٹس آتا ہے؛ نوٹس کی درست بات پہچانیں۔ | حال: استاد بچے کی بیماری کی وجہ پوچھتا ہے؛ وجہ صاف بتائیں۔","6","7","4","5"
"A2","والدین اور اسکول","a2-parent-school","Voortgang en hulp op school bespreken","1","میں استاد سے بات کرنا چاہتا / چاہتی ہوں، میرا بچہ جماعت میں کیسا کر رہا ہے، میرے بچے کو پڑھنے میں مشکل ہے سن کر سمجھنا اور مناسب روزمرہ موقع میں درست ڈچ بات استعمال کرنا۔","","ik wil graag met de docent praten — میں استاد سے بات کرنا چاہتا / چاہتی ہوں [T✓ R✓ G✓ U✓ I✓] | hoe gaat het met mijn kind in de klas? — میرا بچہ جماعت میں کیسا کر رہا ہے؟ [T✓ R✓ G✓ U✓ I✓] | mijn kind heeft moeite met lezen — میرے بچے کو پڑھنے میں مشکل ہے [T✓ R✓ G✓ U✓ I✓]","No explicit pattern card in this run","حال: والدین کی ملاقات میں استاد بچے کا کام دکھاتا ہے؛ پیش رفت والا سوال کریں۔ | حال: گھر کی مشق طے کرنے کے لیے استاد مشورہ دیتا ہے؛ اضافی مدد مانگیں۔ | حال: رپورٹ پڑھنے کے بعد ایک حصہ واضح نہیں رہتا؛ وضاحت کی درخواست کریں۔","5","5","3","5"
"A2","والدین اور اسکول","a2-parent-school","Voortgang en hulp op school bespreken","2","کیا اضافی مدد مل سکتی ہے، ہم گھر پر کیا مشق کریں، میرا بچہ کل غیر حاضر تھا سن کر سمجھنا اور مناسب روزمرہ موقع میں درست ڈچ بات استعمال کرنا۔","ik wil graag met de docent praten; hoe gaat het met mijn kind in de klas?; mijn kind heeft moeite met lezen","kan mijn kind extra hulp krijgen — کیا اضافی مدد مل سکتی ہے؟ [T✓ R✓ G✓ U✓ I✓] | wat kunnen we thuis oefenen — ہم گھر پر کیا مشق کریں؟ [T✓ R✓ G✓ U✓ I✓] | mijn kind was gisteren afwezig — میرا بچہ کل غیر حاضر تھا [T✓ R✓ G✓ U✓ I✓]","No explicit pattern card in this run","حال: بچے کی حفاظت کی تشویش پر ذمہ دار شخص بلایا جاتا ہے؛ مشترک اگلا قدم طے کریں۔ | حال: رپورٹ پڑھنے کے بعد ایک حصہ واضح نہیں رہتا؛ وضاحت کی درخواست کریں۔ | حال: والدین کی ملاقات میں استاد بچے کا کام دکھاتا ہے؛ پیش رفت والا سوال کریں۔","5","6","3","5"
"A2","والدین اور اسکول","a2-parent-school","Voortgang en hulp op school bespreken","3","کیا دوسرا وقت ممکن ہے، میرا بچہ محفوظ محسوس نہیں کرتا، ہم مل کر منصوبہ بناتے ہیں سن کر سمجھنا اور مناسب روزمرہ موقع میں درست ڈچ بات استعمال کرنا۔","ik wil graag met de docent praten; hoe gaat het met mijn kind in de klas?; mijn kind heeft moeite met lezen; kan mijn kind extra hulp krijgen; wat kunnen we thuis oefenen; mijn kind was gisteren afwezig","is een ander tijdstip mogelijk — کیا دوسرا وقت ممکن ہے؟ [T✓ R✓ G✓ U✓ I✓] | mijn kind voelt zich niet veilig — میرا بچہ محفوظ محسوس نہیں کرتا [T✓ R✓ G✓ U✓ I✓] | we maken samen een plan — ہم مل کر منصوبہ بناتے ہیں [T✓ R✓ G✓ U✓ I✓]","No explicit pattern card in this run","حال: گھر کی مشق طے کرنے کے لیے استاد مشورہ دیتا ہے؛ اضافی مدد مانگیں۔ | حال: والدین کی ملاقات میں استاد بچے کا کام دکھاتا ہے؛ پیش رفت والا سوال کریں۔ | حال: بچے کی حفاظت کی تشویش پر ذمہ دار شخص بلایا جاتا ہے؛ مشترک اگلا قدم طے کریں۔","5","5","3","5"
"A2","صحت اور ڈاکٹر","a2-perfect-tense","Vertellen wat er is gebeurd","1","میں کل گر گیا / گئی تھا، درد کل شام شروع ہوا، میں رات کو اچھی طرح نہیں سویا / سوئی، میں نے ڈاکٹر کو فون کیا سن کر سمجھنا اور مناسب روزمرہ موقع میں درست ڈچ بات استعمال کرنا۔","","gisteren ben ik gevallen — میں کل گر گیا / گئی تھا [T✓ R✓ G✓ U✓ I✓] | de pijn begon gisteravond — درد کل شام شروع ہوا [T✓ R✓ G✓ U✓ I✓] | ik heb vannacht slecht geslapen — میں رات کو اچھی طرح نہیں سویا / سوئی [T✓ R✓ G✓ U✓ I✓] | ik heb de dokter gebeld — میں نے ڈاکٹر کو فون کیا [T✓ R✓ G✓ U✓ I✓]","ماضی کے واقعے میں معاون فعل پہچانیں: ik heb de dokter gebeld [T✓ R✓ G✓ U✓ I✓]","حال: ڈاکٹر پوچھتا ہے کہ درد کب شروع ہوا؛ واقعہ مکمل ترتیب سے بتائیں۔ | حال: فالو اپ میں گزشتہ ملاقات یاد دلانی ہے؛ مختصر طبی جواب دیں۔ | حال: معائنے سے پہلے پچھلی رات کی صورت بتانی ہے؛ صحیح پچھلی بات منتخب کریں۔ | حال: فون پر معاون پہلے کیے گئے قدم کے بارے میں پوچھتا ہے؛ وقت اور عمل واضح کریں۔","7","7","4","5"
"A2","صحت اور ڈاکٹر","a2-perfect-tense","Vertellen wat er is gebeurd","2","میں درد کی دوا پہلے ہی لے چکا / چکی ہوں، میں گھر رہا / رہی ہوں، بخار آج صبح شروع ہوا، میں نے ابھی کھانا نہیں کھایا سن کر سمجھنا اور مناسب روزمرہ موقع میں درست ڈچ بات استعمال کرنا۔","gisteren ben ik gevallen; de pijn begon gisteravond; ik heb vannacht slecht geslapen; ik heb de dokter gebeld","ik heb al pijnstillers genomen — میں درد کی دوا پہلے ہی لے چکا / چکی ہوں [T✓ R✓ G✓ U✓ I✓] | ik ben thuis gebleven — میں گھر رہا / رہی ہوں [T✓ R✓ G✓ U✓ I✓] | de koorts is vanmorgen begonnen — بخار آج صبح شروع ہوا [T✓ R✓ G✓ U✓ I✓] | ik heb nog niet gegeten — میں نے ابھی کھانا نہیں کھایا [T✓ R✓ G✓ U✓ I✓]","No explicit pattern card in this run","حال: ڈاکٹر پوچھتا ہے کہ درد کب شروع ہوا؛ واقعہ مکمل ترتیب سے بتائیں۔ | حال: فالو اپ میں گزشتہ ملاقات یاد دلانی ہے؛ مختصر طبی جواب دیں۔ | حال: معائنے سے پہلے پچھلی رات کی صورت بتانی ہے؛ صحیح پچھلی بات منتخب کریں۔ | حال: فون پر معاون پہلے کیے گئے قدم کے بارے میں پوچھتا ہے؛ وقت اور عمل واضح کریں۔","6","7","4","5"
"A2","صحت اور ڈاکٹر","a2-strong-combined","Het hele verhaal bij de huisarts","1","میں کل ڈاکٹر کے پاس گیا/گئی، کیونکہ میری کمر میں درد تھا، ڈاکٹر نے کہا ہے، کہ مجھے آرام کرنا چاہیے سن کر سمجھنا اور مناسب روزمرہ موقع میں درست ڈچ بات استعمال کرنا۔","","ik ben gisteren naar de huisarts gegaan — میں کل ڈاکٹر کے پاس گیا/گئی [T✓ R✓ G✓ U✓ I✓] | omdat ik pijn had in mijn rug — کیونکہ میری کمر میں درد تھا [T✓ R✓ G✓ U✓ I✓] | de dokter heeft gezegd — ڈاکٹر نے کہا ہے [T✓ R✓ G✓ U✓ I✓] | dat ik rust moet nemen — کہ مجھے آرام کرنا چاہیے [T✓ R✓ G✓ U✓ I✓]","No explicit pattern card in this run","حال: پچھلی ملاقات کا خلاصہ نئے ڈاکٹر کو دینا ہے؛ وجہ والی بات کہیں۔ | حال: آرام کے بعد حالت کے بارے میں سوال کیا جاتا ہے؛ واپسی کا قدم بتائیں۔ | حال: معاون ڈاکٹر کی ہدایت دوبارہ پڑھتا ہے؛ ہدایت کا درست مطلب چنیں۔ | حال: درد باقی رہنے کی شرط پر واپسی طے ہوتی ہے؛ شرط مکمل کریں۔","6","6","4","5"
"A2","صحت اور ڈاکٹر","a2-strong-combined","Het hele verhaal bij de huisarts","2","مجھے اگلے ہفتے واپس آنا ہے، اگر درد ختم نہیں ہوا، مجھے آرام کرنا چاہیے، کیونکہ مجھے درد تھا سن کر سمجھنا اور مناسب روزمرہ موقع میں درست ڈچ بات استعمال کرنا۔","ik ben gisteren naar de huisarts gegaan; omdat ik pijn had in mijn rug; de dokter heeft gezegd; dat ik rust moet nemen","ik moet volgende week terugkomen — مجھے اگلے ہفتے واپس آنا ہے [T✓ R✓ G✓ U✓ I✓] | als de pijn niet weg is — اگر درد ختم نہیں ہوا [T✓ R✓ G✓ U✓ I✓] | ik moet rust nemen — مجھے آرام کرنا چاہیے [T✓ R✓ G✓ U✓ I✓] | omdat ik pijn had — کیونکہ مجھے درد تھا [T✓ R✓ G✓ U✓ I✓]","No explicit pattern card in this run","حال: پچھلی ملاقات کا خلاصہ نئے ڈاکٹر کو دینا ہے؛ وجہ والی بات کہیں۔ | حال: آرام کے بعد حالت کے بارے میں سوال کیا جاتا ہے؛ واپسی کا قدم بتائیں۔ | حال: معاون ڈاکٹر کی ہدایت دوبارہ پڑھتا ہے؛ ہدایت کا درست مطلب چنیں۔ | حال: درد باقی رہنے کی شرط پر واپسی طے ہوتی ہے؛ شرط مکمل کریں۔","6","7","4","5"
"A2","صحت اور ڈاکٹر","a2-doctor-advice","Klachten, advies en waarschuwingen","1","مجھے تین دن سے درد ہے، چلنے پر درد بڑھ جاتا ہے، دوا سے فائدہ نہیں ہوا، مجھے penicilline سے حساسیت ہے سن کر سمجھنا اور مناسب روزمرہ موقع میں درست ڈچ بات استعمال کرنا۔","hoe vaak moet ik dit nemen?","ik heb sinds drie dagen pijn — مجھے تین دن سے درد ہے [T✓ R✓ G✓ U✓ I✓] | de pijn wordt erger als ik loop — چلنے پر درد بڑھ جاتا ہے [T✓ R✓ G✓ U✓ I✓] | het medicijn heeft niet geholpen — دوا سے فائدہ نہیں ہوا [T✓ R✓ G✓ U✓ I✓] | ik ben allergisch voor penicilline — مجھے penicilline سے حساسیت ہے [T✓ R✓ G✓ U✓ I✓]","صحت کی بات میں صفت کے ساتھ درست حرفِ جار رکھیں: ik ben allergisch voor penicilline [T✓ R✓ G✓ U✓ I✓]","حال: ڈاکٹر علامت کی جگہ اور مدت پوچھتا ہے؛ علامت مکمل بتائیں۔ | حال: معائنے کے آخر میں اگلی ملاقات طے ہوتی ہے؛ فالو اپ کا سوال کریں۔ | حال: دوا کے لیبل پر استعمال کی ہدایت لکھی ہے؛ ہدایت صحیح پہچانیں۔ | حال: حالت بگڑنے پر فون کرنے کی شرط بتائی جاتی ہے؛ خطرے والی بات سمجھیں۔","7","7","4","5"
"A2","صحت اور ڈاکٹر","a2-doctor-advice","Klachten, advies en waarschuwingen","2","مجھے یہ کتنی بار لینا ہے، کیا مضر اثرات ہیں، مجھے دوبارہ کب آنا ہے، آسان الفاظ میں سمجھائیں سن کر سمجھنا اور مناسب روزمرہ موقع میں درست ڈچ بات استعمال کرنا۔","hoe vaak moet ik dit nemen?; ik heb sinds drie dagen pijn; de pijn wordt erger als ik loop; het medicijn heeft niet geholpen; ik ben allergisch voor penicilline","zijn er bijwerkingen — کیا مضر اثرات ہیں؟ [T✓ R✓ G✓ U✓ I✓] | wanneer moet ik terugkomen — مجھے دوبارہ کب آنا ہے؟ [T✓ R✓ G✓ U✓ I✓] | kunt u dat in eenvoudige woorden uitleggen — آسان الفاظ میں سمجھائیں [T✓ R✓ G✓ U✓ I✓]","No explicit pattern card in this run","حال: دوا کے لیبل پر استعمال کی ہدایت لکھی ہے؛ ہدایت صحیح پہچانیں۔ | حال: معائنے کے آخر میں اگلی ملاقات طے ہوتی ہے؛ فالو اپ کا سوال کریں۔ | حال: حالت بگڑنے پر فون کرنے کی شرط بتائی جاتی ہے؛ خطرے والی بات سمجھیں۔","6","7","3","5"
"A2","گھر کے مسئلے","a2-health-housing","Een woonprobleem melden","1","میری ہیٹنگ کام نہیں کر رہی، ہیٹنگ کل سے خراب ہے، میرے گھر میں پانی کا رساؤ ہے سن کر سمجھنا اور مناسب روزمرہ موقع میں درست ڈچ بات استعمال کرنا۔","wanneer komt de monteur?","mijn verwarming doet het niet — میری ہیٹنگ کام نہیں کر رہی [T✓ R✓ G✓ U✓ I✓] | de verwarming is sinds gisteren kapot — ہیٹنگ کل سے خراب ہے [T✓ R✓ G✓ U✓ I✓] | ik heb lekkage in mijn huis — میرے گھر میں پانی کا رساؤ ہے [T✓ R✓ G✓ U✓ I✓]","No explicit pattern card in this run","حال: سرد صبح ہیٹنگ بند ہے اور مالک مکان فون اٹھاتا ہے؛ خرابی صاف بتائیں۔ | حال: آن لائن مرمت فارم میں مسئلے کی جگہ مانگی جاتی ہے؛ مرمت کی درخواست کریں۔ | حال: باورچی خانے میں پانی نظر آنے پر مرمت دفتر سے رابطہ ہوتا ہے؛ گھر کا مقام شامل کریں۔","5","5","3","5"
"A2","گھر کے مسئلے","a2-health-housing","Een woonprobleem melden","2","پانی باورچی خانے کی دیوار سے آ رہا ہے، کیا آپ آج مرمت کرنے والا بھیج سکتے ہیں، مرمت کرنے والا کب آئے گا سن کر سمجھنا اور مناسب روزمرہ موقع میں درست ڈچ بات استعمال کرنا۔","wanneer komt de monteur?; mijn verwarming doet het niet; de verwarming is sinds gisteren kapot; ik heb lekkage in mijn huis","het water komt uit de keukenmuur — پانی باورچی خانے کی دیوار سے آ رہا ہے [T✓ R✓ G✓ U✓ I✓] | kunt u vandaag een monteur sturen? — کیا آپ آج مرمت کرنے والا بھیج سکتے ہیں؟ [T✓ R✓ G✓ U✓ I✓]","No explicit pattern card in this run","حال: مالک مکان پوچھتا ہے کہ کسی کو کب بھیجا جا سکتا ہے؛ درست مکمل بات منتخب کریں۔ | حال: سرد صبح ہیٹنگ بند ہے اور مالک مکان فون اٹھاتا ہے؛ خرابی صاف بتائیں۔","5","6","2","5"
"A2","گھر کے مسئلے","a2-word-order-connectors","Oorzaak, gevolg en oplossing uitleggen","1","میں فون کر رہا / رہی ہوں کیونکہ ہیٹنگ خراب ہے، کمرہ گیلا ہے کیونکہ پانی کا رساؤ ہے، میرا خیال ہے کہ پائپ خراب ہے، جب مرمت کرنے والا آئے گا تو میں گھر پر ہوں گا / گی سن کر سمجھنا اور مناسب روزمرہ موقع میں درست ڈچ بات استعمال کرنا۔","","ik bel omdat de verwarming kapot is — میں فون کر رہا / رہی ہوں کیونکہ ہیٹنگ خراب ہے [T✓ R✓ G✓ U✓ I✓] | de kamer is nat omdat er een lekkage is — کمرہ گیلا ہے کیونکہ پانی کا رساؤ ہے [T✓ R✓ G✓ U✓ I✓] | ik denk dat de leiding kapot is — میرا خیال ہے کہ پائپ خراب ہے [T✓ R✓ G✓ U✓ I✓] | als de monteur komt, ben ik thuis — جب مرمت کرنے والا آئے گا تو میں گھر پر ہوں گا / گی [T✓ R✓ G✓ U✓ I✓]","omdat والے حصے میں فعل آخر پر رکھیں: ik bel omdat de verwarming kapot is [T✓ R✓ G✓ U✓ I✓]","حال: مرمت دفتر پوچھتا ہے کہ کمرہ کیوں استعمال نہیں ہو رہا؛ سبب والا مکمل جملہ کہیں۔ | حال: مسئلہ دوبارہ ہونے پر مطلوبہ حل لکھنا ہے؛ حل کی درخواست جوڑیں۔ | حال: رساؤ بڑھنے کے بعد اس کا اثر بتانا ہے؛ نتیجہ واضح کریں۔ | حال: مزدور آنے کی شرط پر گھر میں موجودگی طے ہوتی ہے؛ شرط صحیح ترتیب سے بتائیں۔","7","7","4","5"
"A2","گھر کے مسئلے","a2-word-order-connectors","Oorzaak, gevolg en oplossing uitleggen","2","کیونکہ دیوار گیلی ہے، اگر پانی بہتا رہے، میں چاہتا / چاہتی ہوں کہ رساؤ کی مرمت ہو، بارش ہونے پر فرش گیلا ہو جاتا ہے سن کر سمجھنا اور مناسب روزمرہ موقع میں درست ڈچ بات استعمال کرنا۔","ik bel omdat de verwarming kapot is; de kamer is nat omdat er een lekkage is; ik denk dat de leiding kapot is; als de monteur komt, ben ik thuis","omdat de muur nat is — کیونکہ دیوار گیلی ہے [T✓ R✓ G✓ U✓ I✓] | als het water blijft lopen — اگر پانی بہتا رہے [T✓ R✓ G✓ U✓ I✓] | ik wil dat de lekkage wordt gerepareerd — میں چاہتا / چاہتی ہوں کہ رساؤ کی مرمت ہو [T✓ R✓ G✓ U✓ I✓] | de vloer wordt nat als het regent — بارش ہونے پر فرش گیلا ہو جاتا ہے [T✓ R✓ G✓ U✓ I✓]","No explicit pattern card in this run","حال: مرمت دفتر پوچھتا ہے کہ کمرہ کیوں استعمال نہیں ہو رہا؛ سبب والا مکمل جملہ کہیں۔ | حال: مسئلہ دوبارہ ہونے پر مطلوبہ حل لکھنا ہے؛ حل کی درخواست جوڑیں۔ | حال: رساؤ بڑھنے کے بعد اس کا اثر بتانا ہے؛ نتیجہ واضح کریں۔ | حال: مزدور آنے کی شرط پر گھر میں موجودگی طے ہوتی ہے؛ شرط صحیح ترتیب سے بتائیں۔","6","7","4","5"
"A2","گھر کے مسئلے","a2-landlord-repairs","Een reparatie schriftelijk volgen","1","باورچی خانے میں پانی رس رہا ہے، ہیٹنگ تین دن سے کام نہیں کر رہی، مسئلہ بڑھ رہا ہے، یہ کب مرمت ہو گا سن کر سمجھنا اور مناسب روزمرہ موقع میں درست ڈچ بات استعمال کرنا۔","","er is een lekkage in de keuken — باورچی خانے میں پانی رس رہا ہے [T✓ R✓ G✓ U✓ I✓] | de verwarming werkt al drie dagen niet — ہیٹنگ تین دن سے کام نہیں کر رہی [T✓ R✓ G✓ U✓ I✓] | het probleem wordt steeds erger — مسئلہ بڑھ رہا ہے [T✓ R✓ G✓ U✓ I✓] | wanneer wordt het gerepareerd — یہ کب مرمت ہو گا؟ [T✓ R✓ G✓ U✓ I✓]","No explicit pattern card in this run","حال: مرمت فارم میں مسئلے کی تفصیل اور تصویر مانگی گئی ہے؛ رپورٹ کی مکمل بات منتخب کریں۔ | حال: پہلی اطلاع کے بعد کوئی تصدیق نہیں آئی؛ تحریری پیروی کریں۔ | حال: مزدور کی ملاقات چھوٹ گئی اور نیا وقت چاہیے؛ نیا وقت مانگیں۔ | حال: مرمت کے خرچ کے بارے میں مالک مکان جواب دیتا ہے؛ خرچ کی ذمہ داری پوچھیں۔","6","6","4","5"
"A2","گھر کے مسئلے","a2-landlord-repairs","Een reparatie schriftelijk volgen","2","مرمت کرنے والا نہیں آیا، کیا آپ تحریری تصدیق کر سکتے ہیں، مرمت کے پیسے کون دے گا سن کر سمجھنا اور مناسب روزمرہ موقع میں درست ڈچ بات استعمال کرنا۔","er is een lekkage in de keuken; de verwarming werkt al drie dagen niet; het probleem wordt steeds erger; wanneer wordt het gerepareerd","de monteur is niet gekomen — مرمت کرنے والا نہیں آیا [T✓ R✓ G✓ U✓ I✓] | kunt u dit schriftelijk bevestigen — کیا آپ تحریری تصدیق کر سکتے ہیں؟ [T✓ R✓ G✓ U✓ I✓] | wie betaalt de reparatie — مرمت کے پیسے کون دے گا؟ [T✓ R✓ G✓ U✓ I✓]","No explicit pattern card in this run","حال: مرمت فارم میں مسئلے کی تفصیل اور تصویر مانگی گئی ہے؛ رپورٹ کی مکمل بات منتخب کریں۔ | حال: مرمت کے خرچ کے بارے میں مالک مکان جواب دیتا ہے؛ خرچ کی ذمہ داری پوچھیں۔ | حال: مزدور کی ملاقات چھوٹ گئی اور نیا وقت چاہیے؛ نیا وقت مانگیں۔","5","6","3","5"
"A2","خریداری اور شکایت","a2-shopping-services","Een aankoop terugbrengen","1","میں نے کل یہ جیکٹ خریدی، لیکن یہ خراب ہے، یہ خراب ہے سن کر سمجھنا اور مناسب روزمرہ موقع میں درست ڈچ بات استعمال کرنا۔","","ik heb gisteren deze jas gekocht — میں نے کل یہ جیکٹ خریدی [T✓ R✓ G✓ U✓ I✓] | maar hij is kapot — لیکن یہ خراب ہے [T✓ R✓ G✓ U✓ I✓] | hij is kapot — یہ خراب ہے [T✓ R✓ G✓ U✓ I✓]","No explicit pattern card in this run","حال: کل خریدی ہوئی چیز خراب نکلنے پر رسید دکھائی جاتی ہے؛ خریداری کی صورت بتائیں۔ | حال: ضمانت کی مدت رسید پر دیکھی جاتی ہے؛ ضمانت والی بات پہچانیں۔ | حال: سروس ملازم پوچھتا ہے کہ تبدیلی چاہیے یا رقم؛ اپنی مطلوبہ کارروائی کہیں۔","5","5","3","5"
"A2","خریداری اور شکایت","a2-shopping-services","Een aankoop terugbrengen","2","میں اسے بدلنا چاہتا ہوں، میرے پاس رسید ہے، یہ خراب ہے سن کر سمجھنا اور مناسب روزمرہ موقع میں درست ڈچ بات استعمال کرنا۔","hij is kapot; ik heb gisteren deze jas gekocht; maar hij is kapot","ik wil hem ruilen — میں اسے بدلنا چاہتا ہوں [T✓ R✓ G✓ U✓ I✓] | ik heb de bon — میرے پاس رسید ہے [T✓ R✓ G✓ U✓ I✓]","No explicit pattern card in this run","حال: سائز درست نہ ہونے پر دوسرا نمونہ مانگا جاتا ہے؛ رسید کا ثبوت دیں۔ | حال: کل خریدی ہوئی چیز خراب نکلنے پر رسید دکھائی جاتی ہے؛ خریداری کی صورت بتائیں۔","5","6","2","5"
"A2","خریداری اور شکایت","a2-customer-complaints","Een klacht laten oplossen","1","میں نے یہ پچھلے ہفتے خریدا تھا، چیز صحیح کام نہیں کرتی، کیا یہ ضمانت میں ہے، میں اسے بدلنا چاہتا / چاہتی ہوں سن کر سمجھنا اور مناسب روزمرہ موقع میں درست ڈچ بات استعمال کرنا۔","kan ik mijn geld terugkrijgen?","ik heb dit vorige week gekocht — میں نے یہ پچھلے ہفتے خریدا تھا [T✓ R✓ G✓ U✓ I✓] | het product werkt niet goed — چیز صحیح کام نہیں کرتی [T✓ R✓ G✓ U✓ I✓] | valt dit onder de garantie — کیا یہ ضمانت میں ہے؟ [T✓ R✓ G✓ U✓ I✓] | ik wil het liever ruilen — میں اسے بدلنا چاہتا / چاہتی ہوں [T✓ R✓ G✓ U✓ I✓]","No explicit pattern card in this run","حال: آرڈر کھولنے پر غلط چیز نکلی اور سروس کو فون کیا گیا؛ غلط ترسیل رپورٹ کریں۔ | حال: رقم واپسی کی تصدیق ابھی نہیں آئی؛ اگلے ذمہ دار سے بات کریں۔ | حال: مرمت کی مدت ختم ہونے کے بعد کیس نمبر پوچھا جاتا ہے؛ کیس کی پیروی کریں۔ | حال: پیش کیا گیا حل قبول نہ ہونے پر نگران چاہیے؛ مناسب حل مانگیں۔","6","6","4","5"
"A2","خریداری اور شکایت","a2-customer-complaints","Een klacht laten oplossen","2","کیا مجھے پیسے واپس مل سکتے ہیں، ایک حصہ غائب ہے، حل کب ملے گا، میں ذمہ دار سے بات کرنا چاہتا / چاہتی ہوں سن کر سمجھنا اور مناسب روزمرہ موقع میں درست ڈچ بات استعمال کرنا۔","kan ik mijn geld terugkrijgen?; ik heb dit vorige week gekocht; het product werkt niet goed; valt dit onder de garantie; ik wil het liever ruilen","een onderdeel ontbreekt — ایک حصہ غائب ہے [T✓ R✓ G✓ U✓ I✓] | wanneer krijg ik een oplossing — حل کب ملے گا؟ [T✓ R✓ G✓ U✓ I✓] | ik wil graag met een leidinggevende spreken — میں ذمہ دار سے بات کرنا چاہتا / چاہتی ہوں [T✓ R✓ G✓ U✓ I✓]","No explicit pattern card in this run","حال: مرمت کی مدت ختم ہونے کے بعد کیس نمبر پوچھا جاتا ہے؛ کیس کی پیروی کریں۔ | حال: رقم واپسی کی تصدیق ابھی نہیں آئی؛ اگلے ذمہ دار سے بات کریں۔ | حال: پیش کیا گیا حل قبول نہ ہونے پر نگران چاہیے؛ مناسب حل مانگیں۔","6","7","3","5"
"A2","بل اور بینک","a2-bills-banking","Rekeningen, betalingen en bankveiligheid","1","میں یہ بل پہلے ادا کر چکا / چکی ہوں، رقم درست نہیں ہے، مجھے کب ادائیگی کرنی ہے، کیا میں قسطوں میں ادا کر سکتا / سکتی ہوں سن کر سمجھنا اور مناسب روزمرہ موقع میں درست ڈچ بات استعمال کرنا۔","het bedrag klopt niet","ik heb deze rekening al betaald — میں یہ بل پہلے ادا کر چکا / چکی ہوں [T✓ R✓ G✓ U✓ I✓] | wanneer moet ik betalen — مجھے کب ادائیگی کرنی ہے؟ [T✓ R✓ G✓ U✓ I✓] | kan ik in termijnen betalen — کیا میں قسطوں میں ادا کر سکتا / سکتی ہوں؟ [T✓ R✓ G✓ U✓ I✓]","No explicit pattern card in this run","حال: نیا بل پچھلے مہینے سے زیادہ ہے اور تفصیل سامنے ہے؛ رقم والی بات واضح کریں۔ | حال: کارڈ گم ہونے کے بعد بینک حفاظت کا قدم بتاتا ہے؛ فوری حفاظتی قدم کہیں۔ | حال: ادائیگی کرتے وقت درست حوالہ مانگا جاتا ہے؛ صحیح حوالہ استعمال کریں۔","6","6","3","5"
"A2","بل اور بینک","a2-bills-banking","Rekeningen, betalingen en bankveiligheid","2","خودکار ادائیگی ناکام ہوئی، میرا کارڈ گم ہو گیا ہے، میرا کارڈ بند کر دیں، میں ادائیگی کا ثبوت بھیجوں گا / گی سن کر سمجھنا اور مناسب روزمرہ موقع میں درست ڈچ بات استعمال کرنا۔","het bedrag klopt niet; ik heb deze rekening al betaald; wanneer moet ik betalen; kan ik in termijnen betalen","de automatische betaling is mislukt — خودکار ادائیگی ناکام ہوئی [T✓ R✓ G✓ U✓ I✓] | ik ben mijn pinpas kwijt — میرا کارڈ گم ہو گیا ہے [T✓ R✓ G✓ U✓ I✓] | blokkeer mijn pas alstublieft — میرا کارڈ بند کر دیں [T✓ R✓ G✓ U✓ I✓] | ik stuur een bewijs van betaling — میں ادائیگی کا ثبوت بھیجوں گا / گی [T✓ R✓ G✓ U✓ I✓]","No explicit pattern card in this run","حال: نیا بل پچھلے مہینے سے زیادہ ہے اور تفصیل سامنے ہے؛ رقم والی بات واضح کریں۔ | حال: کارڈ گم ہونے کے بعد بینک حفاظت کا قدم بتاتا ہے؛ فوری حفاظتی قدم کہیں۔ | حال: خودکار ادائیگی ناکام ہونے کا بینک پیغام آیا ہے؛ ناکام ادائیگی سمجھیں۔ | حال: ادائیگی کرتے وقت درست حوالہ مانگا جاتا ہے؛ صحیح حوالہ استعمال کریں۔","6","7","4","5"
"A2","رسمی پیغام اور ای میل","a2-writing-messages","Een korte formele boodschap beginnen","1","رسمی مخاطب، مختصر وجہ، واضح درخواست، اور مؤدبانہ اختتام کے ساتھ ایک چھوٹا پیغام بنانا۔","","beste dokter — محترم ڈاکٹر [T✓ R✓ G✓ U✓ I✓] | met vriendelijke groet — احترام کے ساتھ [T✓ R✓ G✓ U✓ I✓] | ik wil graag een afspraak maken — میں ملاقات کا وقت بنانا چاہتا ہوں [T✓ R✓ G✓ U✓ I✓] | mijn zoon kan vandaag niet komen — میرا بیٹا آج نہیں آ سکتا [T✓ R✓ G✓ U✓ I✓]","No explicit pattern card in this run","حال: ڈاکٹر کے دفتر کو نئی ملاقات کے لیے پیغام لکھنا ہے؛ مناسب آغاز منتخب کریں۔ | حال: غیر رسمی سلام کے بجائے مناسب رسمی آغاز چاہیے؛ مؤدبانہ اختتام کریں۔ | حال: اسکول کو غیر حاضری کی مختصر وجہ بھیجنی ہے؛ واضح درخواست لکھیں۔ | حال: ادارے کے جواب کے بعد شکریہ اور اختتام لکھنا ہے؛ وجہ مختصر رکھیں۔","6","6","4","5"
"A2","رسمی پیغام اور ای میل","a2-formal-digital-messages","Een formele e-mail met bijlage volgen","1","موضوع: میری ملاقات کے بارے میں سوال، محترم جناب یا محترمہ، میں لکھ رہا ہوں کیونکہ میرا سوال ہے، میں اس دن نہیں آ سکتا / سکتی سن کر سمجھنا اور مناسب روزمرہ موقع میں درست ڈچ بات استعمال کرنا۔","met vriendelijke groet","onderwerp: vraag over mijn afspraak — موضوع: میری ملاقات کے بارے میں سوال [T✓ R✓ G✓ U✓ I✓] | geachte meneer of mevrouw — محترم جناب یا محترمہ [T✓ R✓ G✓ U✓ I✓] | ik schrijf omdat ik een vraag heb — میں لکھ رہا ہوں کیونکہ میرا سوال ہے [T✓ R✓ G✓ U✓ I✓] | ik kan op die dag niet komen — میں اس دن نہیں آ سکتا / سکتی [T✓ R✓ G✓ U✓ I✓]","No explicit pattern card in this run","حال: سرکاری دفتر کو کاغذ کے ساتھ ای میل بھیجنے سے پہلے مسودہ دیکھا جاتا ہے؛ صحیح موضوع اور وجہ لکھیں۔ | حال: جواب کی مدت گزرنے کے بعد پیروی کا پیغام چاہیے؛ مؤدبانہ پیروی مکمل کریں۔ | حال: موضوع خالی ہے اور وصول کنندہ وجہ فوراً جاننا چاہتا ہے؛ منسلک کاغذ واضح کریں۔ | حال: منسلک کاغذ کا ذکر متن میں موجود نہیں؛ رابطے کی درخواست شامل کریں۔","6","6","4","5"
"A2","رسمی پیغام اور ای میل","a2-formal-digital-messages","Een formele e-mail met bijlage volgen","2","میں نئی تاریخ چاہتا / چاہتی ہوں، فارم منسلک فائل میں ہے، میں نے فارم بھر دیا ہے سن کر سمجھنا اور مناسب روزمرہ موقع میں درست ڈچ بات استعمال کرنا۔","met vriendelijke groet; onderwerp: vraag over mijn afspraak; geachte meneer of mevrouw; ik schrijf omdat ik een vraag heb; ik kan op die dag niet komen","ik wil graag een nieuwe datum afspreken — میں نئی تاریخ چاہتا / چاہتی ہوں [T✓ R✓ G✓ U✓ I✓] | het formulier staat in de bijlage — فارم منسلک فائل میں ہے [T✓ R✓ G✓ U✓ I✓] | ik heb het formulier ingevuld — میں نے فارم بھر دیا ہے [T✓ R✓ G✓ U✓ I✓]","No explicit pattern card in this run","حال: سرکاری دفتر کو کاغذ کے ساتھ ای میل بھیجنے سے پہلے مسودہ دیکھا جاتا ہے؛ صحیح موضوع اور وجہ لکھیں۔ | حال: منسلک کاغذ کا ذکر متن میں موجود نہیں؛ رابطے کی درخواست شامل کریں۔ | حال: موضوع خالی ہے اور وصول کنندہ وجہ فوراً جاننا چاہتا ہے؛ منسلک کاغذ واضح کریں۔","5","6","3","5"
"A2","رسمی پیغام اور ای میل","a2-formal-digital-messages","Een formele e-mail met bijlage volgen","3","مجھے ابھی جواب نہیں ملا، کیا آپ پیغام کی تصدیق کر سکتے ہیں، احترام کے ساتھ سن کر سمجھنا اور مناسب روزمرہ موقع میں درست ڈچ بات استعمال کرنا۔","met vriendelijke groet; onderwerp: vraag over mijn afspraak; geachte meneer of mevrouw; ik schrijf omdat ik een vraag heb; ik kan op die dag niet komen; ik wil graag een nieuwe datum afspreken; het formulier staat in de bijlage; ik heb het formulier ingevuld","ik heb nog geen antwoord ontvangen — مجھے ابھی جواب نہیں ملا [T✓ R✓ G✓ U✓ I✓] | kunt u mijn bericht bevestigen — کیا آپ پیغام کی تصدیق کر سکتے ہیں؟ [T✓ R✓ G✓ U✓ I✓]","No explicit pattern card in this run","حال: جواب کی مدت گزرنے کے بعد پیروی کا پیغام چاہیے؛ مؤدبانہ پیروی مکمل کریں۔ | حال: سرکاری دفتر کو کاغذ کے ساتھ ای میل بھیجنے سے پہلے مسودہ دیکھا جاتا ہے؛ صحیح موضوع اور وجہ لکھیں۔","5","5","2","5"
